2/16/2017 2:48:04 PM:261,-1.273142,1.233083,-1.665913,355.3873,156.1946,33.5603,Head
2/16/2017 2:48:04 PM:382,-1.261076,1.223225,-1.643959,355.8631,159.6208,38.37377,Head
2/16/2017 2:48:04 PM:413,-1.260664,1.222561,-1.644023,356.1921,159.8042,38.43498,Head
2/16/2017 2:48:04 PM:464,-1.260176,1.221758,-1.644337,356.392,159.8109,38.61148,Head
2/16/2017 2:48:04 PM:497,-1.25984,1.221401,-1.644603,356.6126,159.8083,38.66737,Head
2/16/2017 2:48:04 PM:530,-1.259468,1.220941,-1.644881,356.73,159.8081,38.66195,Head
2/16/2017 2:48:04 PM:568,-1.259045,1.220638,-1.645166,356.8005,159.8211,38.74895,Head
2/16/2017 2:48:04 PM:601,-1.258502,1.220316,-1.645402,356.8864,159.8307,38.87039,Head
2/16/2017 2:48:04 PM:630,-1.258049,1.220322,-1.645633,356.9102,159.7767,38.85247,Head
2/16/2017 2:48:04 PM:664,-1.257576,1.220428,-1.645834,356.9557,159.6841,38.82647,Head
2/16/2017 2:48:04 PM:698,-1.257056,1.220949,-1.646223,356.8988,159.5744,38.74735,Head
2/16/2017 2:48:04 PM:731,-1.256232,1.221888,-1.646895,356.9181,159.5731,38.70782,Head
2/16/2017 2:48:04 PM:764,-1.255751,1.223098,-1.647881,357.0802,159.4411,38.60693,Head
2/16/2017 2:48:04 PM:799,-1.255805,1.224691,-1.648971,357.3131,159.0462,38.4365,Head
2/16/2017 2:48:04 PM:834,-1.256198,1.226171,-1.650212,357.311,158.4405,38.24733,Head
2/16/2017 2:48:04 PM:867,-1.256568,1.227874,-1.651662,357.3274,158.0186,37.65963,Head
2/16/2017 2:48:04 PM:898,-1.256679,1.230204,-1.653069,357.3455,157.749,36.83194,Head
2/16/2017 2:48:04 PM:932,-1.2566,1.233717,-1.65451,357.3576,157.5086,36.19759,Head
2/16/2017 2:48:04 PM:965,-1.256729,1.23858,-1.655985,357.4582,157.4058,35.54566,Head
2/16/2017 2:48:05 PM:2,-1.257066,1.243872,-1.657468,357.5034,157.5189,34.51263,Head
2/16/2017 2:48:05 PM:37,-1.257488,1.250408,-1.659181,357.8992,158.3266,33.41275,Head
2/16/2017 2:48:05 PM:71,-1.257948,1.257973,-1.661244,358.9432,159.5651,32.35963,Head
2/16/2017 2:48:05 PM:107,-1.259109,1.265734,-1.663418,0.09651233,160.8999,31.23509,Head
2/16/2017 2:48:05 PM:138,-1.260256,1.27314,-1.666146,1.183932,162.646,30.17411,Head
2/16/2017 2:48:05 PM:184,-1.261523,1.28046,-1.669062,2.119198,164.5276,29.46876,Head
2/16/2017 2:48:05 PM:216,-1.262811,1.290518,-1.67316,3.240526,167.5935,28.68406,Head
2/16/2017 2:48:05 PM:247,-1.263962,1.298797,-1.676683,4.15115,169.7104,28.73753,Head
2/16/2017 2:48:05 PM:279,-1.264529,1.308372,-1.680667,5.460312,172.1935,28.69378,Head
2/16/2017 2:48:05 PM:312,-1.264968,1.31933,-1.685488,7.380615,174.5848,28.54535,Head
2/16/2017 2:48:05 PM:350,-1.265839,1.329815,-1.690791,8.590806,176.1576,28.06589,Head
2/16/2017 2:48:05 PM:384,-1.267307,1.341137,-1.69652,8.934625,176.8299,27.60207,Head
2/16/2017 2:48:05 PM:420,-1.269783,1.3547,-1.703549,10.20422,176.677,26.85147,Head
2/16/2017 2:48:05 PM:452,-1.273485,1.369175,-1.711501,12.2514,175.613,25.38168,Head
2/16/2017 2:48:05 PM:502,-1.283045,1.391384,-1.725432,13.13055,170.9087,23.15348,Head
2/16/2017 2:48:05 PM:535,-1.290872,1.404217,-1.735237,14.36812,166.3152,20.76999,Head
2/16/2017 2:48:05 PM:568,-1.300092,1.415189,-1.744661,14.00765,161.1469,19.4829,Head
2/16/2017 2:48:05 PM:604,-1.310402,1.422989,-1.75341,11.39711,155.5146,16.93955,Head
2/16/2017 2:48:05 PM:636,-1.320255,1.430022,-1.760398,9.060308,150.9375,14.94659,Head
2/16/2017 2:48:05 PM:669,-1.328475,1.435554,-1.764664,6.433858,149.7493,14.63156,Head
2/16/2017 2:48:05 PM:703,-1.33561,1.440863,-1.766398,5.686718,151.2372,14.01976,Head
2/16/2017 2:48:05 PM:736,-1.341748,1.445625,-1.765763,5.849835,154.3763,14.28226,Head
2/16/2017 2:48:05 PM:770,-1.346416,1.44812,-1.762386,5.071602,159.4647,15.35299,Head
2/16/2017 2:48:05 PM:806,-1.349187,1.448793,-1.758276,4.337961,166.0141,15.91639,Head
2/16/2017 2:48:05 PM:838,-1.350608,1.449315,-1.754906,4.439829,173.3079,15.92436,Head
2/16/2017 2:48:05 PM:870,-1.350917,1.450766,-1.752503,5.413215,180.9177,16.31597,Head
2/16/2017 2:48:05 PM:903,-1.351609,1.450979,-1.751146,5.426598,187.6138,16.92179,Head
2/16/2017 2:48:05 PM:938,-1.352766,1.451567,-1.75037,5.878072,193.5224,17.79875,Head
2/16/2017 2:48:05 PM:970,-1.353677,1.452491,-1.751114,6.705754,200.2238,19.5611,Head
2/16/2017 2:48:06 PM:5,-1.354352,1.454243,-1.753655,8.40364,207.5187,20.63382,Head
2/16/2017 2:48:06 PM:44,-1.355797,1.455725,-1.756583,9.414117,214.5514,23.02025,Head
2/16/2017 2:48:06 PM:74,-1.357432,1.456434,-1.76063,10.31794,222.366,24.76647,Head
2/16/2017 2:48:06 PM:106,-1.360729,1.456892,-1.764169,11.26503,228.2995,25.96027,Head
2/16/2017 2:48:06 PM:138,-1.36471,1.456712,-1.767559,11.66,233.7252,27.46519,Head
2/16/2017 2:48:06 PM:172,-1.368869,1.45615,-1.770857,12.24341,238.7671,28.48184,Head
2/16/2017 2:48:06 PM:206,-1.373649,1.455207,-1.77373,12.3178,243.0714,29.19441,Head
2/16/2017 2:48:06 PM:239,-1.378222,1.453902,-1.776117,12.03046,246.114,29.8823,Head
2/16/2017 2:48:06 PM:272,-1.38281,1.453144,-1.777871,11.93344,248.4421,30.03586,Head
2/16/2017 2:48:06 PM:306,-1.387638,1.453406,-1.779278,12.04134,250.0261,30.2992,Head
2/16/2017 2:48:06 PM:350,-1.390595,1.453269,-1.780792,11.94219,251.4208,30.92047,Head
2/16/2017 2:48:06 PM:385,-1.394482,1.452806,-1.782946,11.86443,252.6587,30.88694,Head
2/16/2017 2:48:06 PM:424,-1.396449,1.453127,-1.784556,12.23378,254.1583,31.66368,Head
2/16/2017 2:48:06 PM:462,-1.398762,1.452683,-1.785982,12.64752,256.1022,31.62459,Head
2/16/2017 2:48:06 PM:495,-1.400003,1.452465,-1.785944,12.53633,256.3715,31.60374,Head
2/16/2017 2:48:06 PM:529,-1.400932,1.452431,-1.785408,12.12962,255.9435,31.37148,Head
2/16/2017 2:48:06 PM:563,-1.401901,1.453373,-1.784673,12.33306,255.1469,30.94063,Head
2/16/2017 2:48:06 PM:596,-1.403214,1.454597,-1.783682,12.43575,253.8949,30.64952,Head
2/16/2017 2:48:06 PM:632,-1.404898,1.456284,-1.781638,12.95218,251.711,29.79036,Head
2/16/2017 2:48:06 PM:663,-1.406507,1.457812,-1.779009,13.1254,249.0961,28.97268,Head
2/16/2017 2:48:06 PM:697,-1.407976,1.459574,-1.776133,13.39954,246.3433,28.06873,Head
2/16/2017 2:48:06 PM:730,-1.409772,1.461532,-1.772577,13.7268,242.7241,26.58815,Head
2/16/2017 2:48:06 PM:764,-1.412259,1.464462,-1.767849,14.1077,237.1425,24.3181,Head
2/16/2017 2:48:06 PM:797,-1.415052,1.467192,-1.762303,13.13115,229.2188,22.05863,Head
2/16/2017 2:48:06 PM:834,-1.417107,1.470482,-1.75736,12.40148,220.7819,19.53905,Head
2/16/2017 2:48:06 PM:865,-1.418167,1.473395,-1.753313,11.55629,212.3451,17.12627,Head
2/16/2017 2:48:06 PM:898,-1.417524,1.475456,-1.750041,10.39691,204.2714,15.14919,Head
2/16/2017 2:48:06 PM:937,-1.416597,1.475672,-1.747398,8.048197,195.3962,12.97619,Head
2/16/2017 2:48:06 PM:968,-1.414527,1.475849,-1.744853,6.029621,186.3503,11.36191,Head
2/16/2017 2:48:06 PM:999,-1.411369,1.474971,-1.742711,3.677624,177.9522,10.47184,Head
2/16/2017 2:48:07 PM:34,-1.407618,1.473475,-1.74063,1.320223,169.7101,9.713359,Head
2/16/2017 2:48:07 PM:65,-1.403001,1.47208,-1.737652,359.6926,162.3431,9.230668,Head
2/16/2017 2:48:07 PM:99,-1.39701,1.469961,-1.734678,357.8979,155.8398,8.480847,Head
2/16/2017 2:48:07 PM:133,-1.390255,1.468815,-1.730769,356.7415,150.4951,8.753237,Head
2/16/2017 2:48:07 PM:167,-1.384484,1.467357,-1.726537,355.826,145.2698,9.806237,Head
2/16/2017 2:48:07 PM:200,-1.377506,1.465372,-1.721151,355.1361,141.3939,10.31423,Head
2/16/2017 2:48:07 PM:236,-1.370835,1.462621,-1.71546,353.6855,138.0513,11.49754,Head
2/16/2017 2:48:07 PM:267,-1.364168,1.459968,-1.709086,352.6881,135.1546,12.62761,Head
2/16/2017 2:48:07 PM:302,-1.357005,1.457751,-1.702467,351.7533,133.4157,13.48947,Head
2/16/2017 2:48:07 PM:335,-1.351056,1.45472,-1.697371,349.8507,130.3843,14.56483,Head
2/16/2017 2:48:07 PM:370,-1.344949,1.45331,-1.691859,349.2261,127.9303,15.64306,Head
2/16/2017 2:48:07 PM:403,-1.339753,1.452602,-1.686713,349.4807,125.1356,16.76593,Head
2/16/2017 2:48:07 PM:437,-1.334804,1.451856,-1.681959,349.8315,122.5814,17.34413,Head
2/16/2017 2:48:07 PM:471,-1.330272,1.452086,-1.67709,350.9098,121.057,17.76914,Head
2/16/2017 2:48:07 PM:505,-1.326882,1.45116,-1.672847,351.3243,119.2512,18.46317,Head
2/16/2017 2:48:07 PM:538,-1.323609,1.450177,-1.668427,351.474,118.4522,18.57051,Head
2/16/2017 2:48:07 PM:569,-1.321155,1.449672,-1.665272,352.7,117.3817,18.31286,Head
2/16/2017 2:48:07 PM:602,-1.319558,1.447795,-1.663394,353.689,115.2685,17.44728,Head
2/16/2017 2:48:07 PM:638,-1.318079,1.44472,-1.662752,352.8767,112.6259,17.17119,Head
2/16/2017 2:48:07 PM:675,-1.316541,1.442014,-1.663241,352.1845,109.6165,16.97339,Head
2/16/2017 2:48:07 PM:711,-1.314806,1.439829,-1.663888,351.4799,106.7175,16.92493,Head
2/16/2017 2:48:07 PM:750,-1.312519,1.437484,-1.665147,350.6199,102.9433,16.88814,Head
2/16/2017 2:48:07 PM:808,-1.308907,1.435582,-1.666277,350.2487,98.70098,16.79425,Head
2/16/2017 2:48:07 PM:843,-1.307024,1.434601,-1.666717,350.0312,96.50741,16.67331,Head
2/16/2017 2:48:07 PM:884,-1.303721,1.434927,-1.666772,350.0677,94.4554,16.80394,Head
2/16/2017 2:48:07 PM:917,-1.3013,1.435884,-1.66625,350.3279,92.93053,17.28109,Head
2/16/2017 2:48:07 PM:949,-1.298928,1.436891,-1.665363,350.523,91.41625,17.78577,Head
2/16/2017 2:48:07 PM:984,-1.296336,1.437254,-1.664419,350.3829,89.69016,18.11973,Head
2/16/2017 2:48:08 PM:16,-1.294235,1.437388,-1.663008,350.0826,87.97419,18.28256,Head
2/16/2017 2:48:08 PM:52,-1.291945,1.437159,-1.66094,349.6085,86.22894,18.53736,Head
2/16/2017 2:48:08 PM:84,-1.2908,1.437528,-1.658229,349.2634,84.38707,18.94221,Head
2/16/2017 2:48:08 PM:117,-1.2893,1.437514,-1.6549,348.8635,82.63474,18.96325,Head
2/16/2017 2:48:08 PM:151,-1.288173,1.437282,-1.651038,348.4313,80.99219,19.17991,Head
2/16/2017 2:48:08 PM:183,-1.287113,1.437075,-1.646736,347.7252,79.20395,19.65536,Head
2/16/2017 2:48:08 PM:217,-1.286278,1.436826,-1.641455,347.0942,77.85253,19.8845,Head
2/16/2017 2:48:08 PM:253,-1.285742,1.436559,-1.63547,346.3984,76.84653,20.02331,Head
2/16/2017 2:48:08 PM:291,-1.285559,1.43633,-1.628968,346.0793,76.25012,20.25537,Head
2/16/2017 2:48:08 PM:324,-1.285231,1.436914,-1.621614,346.3124,76.29456,20.67556,Head
2/16/2017 2:48:08 PM:362,-1.285358,1.437961,-1.612265,347.0417,77.46401,20.98089,Head
2/16/2017 2:48:08 PM:397,-1.286116,1.438842,-1.60552,347.2835,79.15259,20.49893,Head
2/16/2017 2:48:08 PM:430,-1.287133,1.44022,-1.598517,348.0676,80.90567,20.28893,Head
2/16/2017 2:48:08 PM:466,-1.288308,1.441662,-1.592057,349.0582,82.33107,20.44235,Head
2/16/2017 2:48:08 PM:499,-1.290203,1.442423,-1.58654,349.4465,83.81252,20.60753,Head
2/16/2017 2:48:08 PM:532,-1.292299,1.443297,-1.582146,349.5423,84.89748,20.69058,Head
2/16/2017 2:48:08 PM:563,-1.294053,1.443955,-1.578383,349.7472,85.68888,20.80086,Head
2/16/2017 2:48:08 PM:598,-1.29561,1.44451,-1.575389,349.8557,86.08205,21.16678,Head
2/16/2017 2:48:08 PM:634,-1.296667,1.444785,-1.573004,350.1401,86.1804,21.33606,Head
2/16/2017 2:48:08 PM:676,-1.297457,1.444405,-1.571437,350.1822,86.04935,21.46792,Head
2/16/2017 2:48:08 PM:719,-1.298862,1.443318,-1.569413,349.6884,85.70267,21.54715,Head
2/16/2017 2:48:08 PM:765,-1.299177,1.442791,-1.568817,349.3967,85.16926,21.45764,Head
2/16/2017 2:48:08 PM:798,-1.300707,1.442525,-1.565676,349.391,84.77148,21.33188,Head
2/16/2017 2:48:08 PM:832,-1.301341,1.443258,-1.564701,349.7264,84.69752,21.21897,Head
2/16/2017 2:48:08 PM:867,-1.302213,1.444465,-1.562933,349.9252,85.08085,21.15605,Head
2/16/2017 2:48:08 PM:900,-1.303102,1.445526,-1.560612,349.9937,85.74638,21.01737,Head
2/16/2017 2:48:08 PM:937,-1.30447,1.447018,-1.557848,350.0417,86.70538,21.17117,Head
2/16/2017 2:48:08 PM:972,-1.305676,1.448713,-1.554866,350.4502,87.80466,21.30059,Head
2/16/2017 2:48:09 PM:8,-1.307257,1.451263,-1.551683,351.8094,89.10901,21.01255,Head
2/16/2017 2:48:09 PM:46,-1.309904,1.45359,-1.548198,352.7912,90.88849,20.99323,Head
2/16/2017 2:48:09 PM:88,-1.312176,1.454898,-1.546129,353.0098,92.15228,21.3344,Head
2/16/2017 2:48:09 PM:125,-1.315615,1.455863,-1.544199,353.164,93.31809,21.7838,Head
2/16/2017 2:48:09 PM:158,-1.318125,1.456018,-1.543399,353.1176,94.02156,21.96352,Head
2/16/2017 2:48:09 PM:193,-1.32013,1.455828,-1.543282,352.9557,94.67997,22.0416,Head
2/16/2017 2:48:09 PM:230,-1.322403,1.45573,-1.543493,352.8647,95.28375,22.10341,Head
2/16/2017 2:48:09 PM:264,-1.324064,1.455701,-1.544285,352.8808,95.79082,22.18725,Head
2/16/2017 2:48:09 PM:304,-1.325822,1.455539,-1.545829,352.6008,96.19611,22.436,Head
2/16/2017 2:48:09 PM:360,-1.327726,1.455264,-1.548078,352.8105,97.29494,22.43108,Head
2/16/2017 2:48:09 PM:397,-1.328409,1.455497,-1.549556,353.2585,98.12099,22.19574,Head
2/16/2017 2:48:09 PM:431,-1.328542,1.455677,-1.551526,353.6194,98.66118,22.06508,Head
2/16/2017 2:48:09 PM:470,-1.328466,1.456356,-1.55383,354.7844,99.3818,21.48501,Head
2/16/2017 2:48:09 PM:530,-1.327977,1.456563,-1.556394,355.4273,100.0635,21.43279,Head
2/16/2017 2:48:09 PM:565,-1.327252,1.456914,-1.557618,356.0504,100.4624,21.31716,Head
2/16/2017 2:48:09 PM:599,-1.326627,1.457046,-1.558729,356.6532,100.6428,21.24149,Head
2/16/2017 2:48:09 PM:658,-1.325672,1.455562,-1.561524,356.1762,99.9147,21.64664,Head
2/16/2017 2:48:09 PM:720,-1.325519,1.454095,-1.563278,355.5505,99.39422,21.76644,Head
2/16/2017 2:48:09 PM:761,-1.325509,1.45285,-1.564639,355.3869,99.5706,21.72416,Head
2/16/2017 2:48:09 PM:796,-1.325571,1.45193,-1.565314,355.3561,99.96324,21.71179,Head
2/16/2017 2:48:09 PM:831,-1.325908,1.451294,-1.565703,355.4373,100.3923,21.61824,Head
2/16/2017 2:48:09 PM:866,-1.326174,1.450862,-1.565882,355.6409,100.8855,21.52427,Head
2/16/2017 2:48:09 PM:899,-1.326177,1.45039,-1.565966,355.8919,101.1512,21.6064,Head
2/16/2017 2:48:09 PM:937,-1.326284,1.449703,-1.565958,356.038,101.3003,21.58823,Head
2/16/2017 2:48:09 PM:971,-1.32633,1.449313,-1.565927,356.0734,101.3309,21.46441,Head
2/16/2017 2:48:10 PM:7,-1.326341,1.449096,-1.565561,355.9542,101.4064,21.5814,Head
2/16/2017 2:48:10 PM:39,-1.32628,1.449125,-1.564798,356.0372,101.5909,21.52278,Head
2/16/2017 2:48:10 PM:72,-1.326421,1.449298,-1.563936,356.2642,101.7947,21.5717,Head
2/16/2017 2:48:10 PM:108,-1.326477,1.449632,-1.562678,356.3978,102.2585,21.75511,Head
2/16/2017 2:48:10 PM:141,-1.326436,1.45022,-1.561098,356.6992,103.0698,21.9147,Head
2/16/2017 2:48:10 PM:176,-1.326386,1.451145,-1.559798,357.273,103.7692,21.94682,Head
2/16/2017 2:48:10 PM:210,-1.326558,1.452078,-1.558645,357.8571,104.4141,21.97504,Head
2/16/2017 2:48:10 PM:245,-1.32693,1.452628,-1.557801,358.0936,104.8154,21.98154,Head
2/16/2017 2:48:10 PM:279,-1.327439,1.453436,-1.556924,358.4913,105.2083,21.94127,Head
2/16/2017 2:48:10 PM:317,-1.328321,1.453956,-1.555883,358.698,105.5055,21.95692,Head
2/16/2017 2:48:10 PM:351,-1.329931,1.454356,-1.554379,358.5073,105.9049,21.73986,Head
2/16/2017 2:48:10 PM:408,-1.331823,1.453197,-1.553646,357.5134,105.3791,21.60583,Head
2/16/2017 2:48:10 PM:443,-1.332671,1.451282,-1.554147,355.7188,104.1748,21.71958,Head
2/16/2017 2:48:10 PM:478,-1.333442,1.449501,-1.555096,354.2015,102.504,21.94305,Head
2/16/2017 2:48:10 PM:511,-1.333896,1.447525,-1.556611,352.5156,100.4985,22.13747,Head
2/16/2017 2:48:10 PM:548,-1.334248,1.445696,-1.558294,351.0252,98.59415,22.3244,Head
2/16/2017 2:48:10 PM:588,-1.333724,1.443748,-1.560867,349.6539,96.39756,22.55389,Head
2/16/2017 2:48:10 PM:641,-1.333053,1.441546,-1.56512,348.3362,93.04902,23.01116,Head
2/16/2017 2:48:10 PM:676,-1.333002,1.441135,-1.566774,348.255,91.90211,23.13651,Head
2/16/2017 2:48:10 PM:709,-1.333013,1.441174,-1.568403,348.9814,91.32442,22.87731,Head
2/16/2017 2:48:10 PM:744,-1.33282,1.441884,-1.569503,350.7262,92.18112,21.71091,Head
2/16/2017 2:48:10 PM:780,-1.332392,1.442968,-1.569928,353.5997,94.28473,19.92026,Head
2/16/2017 2:48:10 PM:816,-1.331574,1.444222,-1.570241,356.9526,97.34461,17.53239,Head
2/16/2017 2:48:10 PM:848,-1.330327,1.445499,-1.571099,0.9533655,99.88627,15.27959,Head
2/16/2017 2:48:10 PM:881,-1.328766,1.445996,-1.572878,4.529513,101.0667,13.24515,Head
2/16/2017 2:48:10 PM:917,-1.327053,1.445704,-1.575688,6.871328,100.8997,11.6439,Head
2/16/2017 2:48:10 PM:957,-1.324804,1.443428,-1.580524,7.365301,98.75364,10.34353,Head
2/16/2017 2:48:11 PM:12,-1.321796,1.439362,-1.586833,4.897107,94.40473,9.577078,Head
2/16/2017 2:48:11 PM:46,-1.319774,1.437045,-1.590372,3.063088,91.48212,9.605175,Head
2/16/2017 2:48:11 PM:80,-1.317912,1.434663,-1.593487,0.8516855,88.58129,9.722688,Head
2/16/2017 2:48:11 PM:113,-1.316051,1.432106,-1.596388,358.3304,85.79514,10.19505,Head
2/16/2017 2:48:11 PM:150,-1.314034,1.429561,-1.598699,355.7919,83.25913,10.76509,Head
2/16/2017 2:48:11 PM:184,-1.311943,1.427772,-1.599788,354.1973,81.44226,11.13295,Head
2/16/2017 2:48:11 PM:218,-1.310149,1.427431,-1.600402,354.1109,80.21613,11.33384,Head
2/16/2017 2:48:11 PM:257,-1.307976,1.42745,-1.600678,354.3215,79.40332,11.37781,Head
2/16/2017 2:48:11 PM:294,-1.306825,1.427288,-1.600294,354.7883,79.60691,11.12853,Head
2/16/2017 2:48:11 PM:327,-1.30645,1.427339,-1.599127,355.685,80.42195,10.7931,Head
2/16/2017 2:48:11 PM:362,-1.306679,1.427297,-1.59763,356.403,81.47935,10.57512,Head
2/16/2017 2:48:11 PM:398,-1.307419,1.427181,-1.59609,357.0082,82.63652,10.47279,Head
2/16/2017 2:48:11 PM:438,-1.308384,1.427309,-1.594482,357.3016,83.6683,10.46508,Head
2/16/2017 2:48:11 PM:497,-1.30985,1.427277,-1.593674,356.3797,83.50376,10.92022,Head
2/16/2017 2:48:11 PM:541,-1.308556,1.427921,-1.593286,355.3919,82.82965,11.24648,Head
2/16/2017 2:48:11 PM:576,-1.308838,1.428005,-1.593169,354.7103,82.3963,11.61175,Head
2/16/2017 2:48:11 PM:614,-1.30951,1.42778,-1.593013,354.0133,82.02203,11.89437,Head
2/16/2017 2:48:11 PM:672,-1.311007,1.427053,-1.592478,353.641,82.35378,11.89482,Head
2/16/2017 2:48:11 PM:710,-1.312096,1.426841,-1.591815,353.6786,82.81365,11.81484,Head
2/16/2017 2:48:11 PM:745,-1.313192,1.426461,-1.591281,353.592,83.20343,11.78397,Head
2/16/2017 2:48:11 PM:784,-1.314411,1.426079,-1.590398,353.4228,83.63056,11.8327,Head
2/16/2017 2:48:11 PM:841,-1.31556,1.425691,-1.589569,353.0303,83.86308,12.0458,Head
2/16/2017 2:48:11 PM:878,-1.31627,1.425617,-1.589157,352.7722,83.92991,12.11026,Head
2/16/2017 2:48:11 PM:917,-1.317256,1.425881,-1.588621,352.7321,83.97534,12.11957,Head
2/16/2017 2:48:11 PM:974,-1.318224,1.425755,-1.588188,352.2313,84.04352,12.23013,Head
2/16/2017 2:48:12 PM:6,-1.318733,1.425598,-1.587781,352.0135,84.09917,12.2189,Head
2/16/2017 2:48:12 PM:47,-1.319316,1.425557,-1.587196,351.9214,84.22404,12.19452,Head
2/16/2017 2:48:12 PM:85,-1.320466,1.425774,-1.586509,351.7556,84.46211,12.21536,Head
2/16/2017 2:48:12 PM:140,-1.321643,1.425596,-1.585837,351.6483,84.48243,11.88298,Head
2/16/2017 2:48:12 PM:176,-1.32251,1.425233,-1.585554,351.3835,84.43217,11.91011,Head
2/16/2017 2:48:12 PM:208,-1.323569,1.424569,-1.584802,350.8631,84.73999,12.05682,Head
2/16/2017 2:48:12 PM:239,-1.324532,1.424057,-1.584129,350.413,85.09967,12.31988,Head
2/16/2017 2:48:12 PM:273,-1.325289,1.423645,-1.58337,350.318,85.38992,12.25795,Head
2/16/2017 2:48:12 PM:312,-1.325695,1.423456,-1.582966,350.574,85.37222,11.96811,Head
2/16/2017 2:48:12 PM:348,-1.325691,1.423434,-1.583226,350.752,84.9855,11.77312,Head
2/16/2017 2:48:12 PM:389,-1.325576,1.422907,-1.583696,350.02,84.22715,12.11076,Head
2/16/2017 2:48:12 PM:443,-1.325389,1.422231,-1.584332,348.7549,82.76154,12.7897,Head
2/16/2017 2:48:12 PM:479,-1.325446,1.421632,-1.584629,348.106,82.16807,13.05313,Head
2/16/2017 2:48:12 PM:512,-1.3257,1.421226,-1.584779,347.6791,81.88766,13.19871,Head
2/16/2017 2:48:12 PM:552,-1.326263,1.420455,-1.584643,347.4929,81.91364,13.12296,Head
2/16/2017 2:48:12 PM:586,-1.327497,1.419901,-1.584638,347.5206,82.23094,12.93011,Head
2/16/2017 2:48:12 PM:618,-1.327184,1.419825,-1.584459,347.6894,82.53379,12.69832,Head
2/16/2017 2:48:12 PM:655,-1.327403,1.419958,-1.584293,347.7831,82.78844,12.61949,Head
2/16/2017 2:48:12 PM:690,-1.327643,1.420017,-1.584028,347.6761,82.85442,12.74582,Head
2/16/2017 2:48:12 PM:725,-1.327716,1.420184,-1.583681,347.6325,82.93063,12.87479,Head
2/16/2017 2:48:12 PM:760,-1.327933,1.420524,-1.583192,347.5967,83.04331,13.06417,Head
2/16/2017 2:48:12 PM:802,-1.328533,1.420792,-1.582314,347.4811,83.42815,13.27298,Head
2/16/2017 2:48:12 PM:845,-1.329707,1.421371,-1.581066,347.6751,84.09424,13.29342,Head
2/16/2017 2:48:12 PM:881,-1.330316,1.421728,-1.580467,348.0874,84.54662,13.01192,Head
2/16/2017 2:48:12 PM:917,-1.33054,1.421933,-1.580331,348.2058,84.80142,12.81896,Head
2/16/2017 2:48:12 PM:956,-1.33088,1.42186,-1.580414,348.1495,84.56175,12.75113,Head
2/16/2017 2:48:13 PM:13,-1.330316,1.421308,-1.580979,347.5933,83.7682,13.03595,Head
2/16/2017 2:48:13 PM:48,-1.329998,1.420973,-1.581527,347.0236,83.12514,13.29957,Head
2/16/2017 2:48:13 PM:83,-1.329569,1.420695,-1.582081,346.501,82.46432,13.60499,Head
2/16/2017 2:48:13 PM:123,-1.329246,1.420055,-1.582726,345.8466,81.67303,13.97986,Head
2/16/2017 2:48:13 PM:157,-1.328567,1.419343,-1.583236,345.3041,81.11893,14.21098,Head
2/16/2017 2:48:13 PM:194,-1.32851,1.418463,-1.584011,345.1339,80.5695,14.17492,Head
2/16/2017 2:48:13 PM:229,-1.328532,1.417928,-1.584696,345.0871,80.09917,14.07878,Head
2/16/2017 2:48:13 PM:262,-1.328343,1.417554,-1.585386,345.2558,79.76923,13.81142,Head
2/16/2017 2:48:13 PM:323,-1.328161,1.417147,-1.585978,346.2164,80.31734,12.68328,Head
2/16/2017 2:48:13 PM:362,-1.32821,1.41722,-1.585835,347.2425,81.14271,11.77604,Head
2/16/2017 2:48:13 PM:399,-1.327583,1.417863,-1.585289,348.396,82.33667,10.84571,Head
2/16/2017 2:48:13 PM:438,-1.327338,1.418319,-1.584799,350.2672,84.11874,9.405846,Head
2/16/2017 2:48:13 PM:491,-1.327257,1.418093,-1.584439,352.3463,85.81603,8.047203,Head
2/16/2017 2:48:13 PM:530,-1.327291,1.41783,-1.584385,353.065,86.44379,7.516099,Head
2/16/2017 2:48:13 PM:572,-1.327228,1.41707,-1.584687,353.5075,86.96471,6.949417,Head
2/16/2017 2:48:13 PM:628,-1.32737,1.416929,-1.585167,354.3915,87.26429,6.205595,Head
2/16/2017 2:48:13 PM:666,-1.327548,1.416605,-1.585468,354.5656,87.43378,5.841212,Head
2/16/2017 2:48:13 PM:707,-1.327278,1.415892,-1.586115,354.2743,87.3646,5.619439,Head
2/16/2017 2:48:13 PM:765,-1.326901,1.415027,-1.587029,353.5157,86.70795,5.696935,Head
2/16/2017 2:48:13 PM:809,-1.326151,1.414444,-1.587986,352.8624,86.10368,5.955156,Head
2/16/2017 2:48:13 PM:852,-1.325722,1.414043,-1.588682,352.6483,85.73733,6.013179,Head
2/16/2017 2:48:13 PM:890,-1.325154,1.41363,-1.588897,352.7411,85.74579,5.872386,Head
2/16/2017 2:48:13 PM:926,-1.324322,1.41307,-1.588852,352.9137,86.15247,5.700181,Head
2/16/2017 2:48:13 PM:959,-1.323969,1.412356,-1.588784,353.0338,86.47379,5.525231,Head
2/16/2017 2:48:13 PM:995,-1.323506,1.411706,-1.588794,353.2137,86.67883,5.404008,Head
2/16/2017 2:48:14 PM:31,-1.323359,1.411076,-1.588612,353.0991,87.07607,5.360901,Head
2/16/2017 2:48:14 PM:70,-1.32311,1.410415,-1.588457,353.227,87.58364,5.350299,Head
2/16/2017 2:48:14 PM:106,-1.323084,1.409771,-1.588134,353.8344,88.36863,4.946474,Head
2/16/2017 2:48:14 PM:145,-1.323254,1.409364,-1.587517,354.2391,89.0155,4.745369,Head
2/16/2017 2:48:14 PM:184,-1.323604,1.408998,-1.586355,354.8311,90.07697,4.48257,Head
2/16/2017 2:48:14 PM:241,-1.323834,1.408102,-1.585107,354.678,90.79462,4.277567,Head
2/16/2017 2:48:14 PM:274,-1.32381,1.407639,-1.584131,354.2988,90.83714,4.391095,Head
2/16/2017 2:48:14 PM:308,-1.323867,1.407274,-1.583068,353.6589,90.65881,4.583187,Head
2/16/2017 2:48:14 PM:345,-1.323506,1.406784,-1.582018,352.8582,90.31505,4.854903,Head
2/16/2017 2:48:14 PM:378,-1.323098,1.406539,-1.580851,352.1371,89.9095,5.210347,Head
2/16/2017 2:48:14 PM:420,-1.322598,1.406709,-1.578313,351.5533,89.49702,5.573409,Head
2/16/2017 2:48:14 PM:454,-1.322059,1.406751,-1.57636,351.1609,89.27545,5.73672,Head
2/16/2017 2:48:14 PM:491,-1.32102,1.406832,-1.574194,350.9148,89.25207,5.879475,Head
2/16/2017 2:48:14 PM:535,-1.319793,1.407363,-1.570729,350.7952,89.46316,6.180681,Head
2/16/2017 2:48:14 PM:569,-1.318893,1.407723,-1.568021,351.0186,89.85343,6.328667,Head
2/16/2017 2:48:14 PM:609,-1.318314,1.408627,-1.563627,352.1286,90.99147,6.218237,Head
2/16/2017 2:48:14 PM:649,-1.317932,1.409176,-1.560387,352.9039,91.97118,6.049858,Head
2/16/2017 2:48:14 PM:688,-1.318024,1.40967,-1.556145,353.6999,93.42444,5.821414,Head
2/16/2017 2:48:14 PM:741,-1.318814,1.409602,-1.551903,353.8693,94.57576,5.661492,Head
2/16/2017 2:48:14 PM:774,-1.319815,1.409493,-1.549659,353.6685,94.98843,5.748617,Head
2/16/2017 2:48:14 PM:809,-1.321093,1.409648,-1.547295,353.9091,95.69022,5.581512,Head
2/16/2017 2:48:14 PM:842,-1.322612,1.409039,-1.544958,353.7377,96.39531,5.571567,Head
2/16/2017 2:48:14 PM:876,-1.323934,1.408259,-1.542692,353.5276,97.25762,5.438445,Head
2/16/2017 2:48:14 PM:910,-1.325351,1.407235,-1.540168,353.3248,98.11228,5.202719,Head
2/16/2017 2:48:14 PM:943,-1.326279,1.406224,-1.537404,353.2441,98.59001,4.848327,Head
2/16/2017 2:48:14 PM:979,-1.326304,1.404896,-1.534225,353.7979,98.98289,4.401283,Head
2/16/2017 2:48:15 PM:18,-1.326302,1.402856,-1.53055,353.733,99.26895,3.86892,Head
2/16/2017 2:48:15 PM:60,-1.325664,1.399455,-1.524422,353.4149,99.53956,3.358495,Head
2/16/2017 2:48:15 PM:102,-1.323292,1.396419,-1.51717,353.3152,99.39513,3.126808,Head
2/16/2017 2:48:15 PM:146,-1.319334,1.393523,-1.509447,352.7546,98.49825,3.044589,Head
2/16/2017 2:48:15 PM:181,-1.316314,1.391864,-1.503739,352.1462,97.28832,3.233766,Head
2/16/2017 2:48:15 PM:218,-1.312401,1.390036,-1.49833,351.0712,95.34229,3.637771,Head
2/16/2017 2:48:15 PM:259,-1.306986,1.388426,-1.48982,349.5065,92.24629,4.783369,Head
2/16/2017 2:48:15 PM:314,-1.299996,1.386936,-1.479087,349.4561,89.60435,5.399503,Head
2/16/2017 2:48:15 PM:352,-1.298026,1.386054,-1.47238,351.5143,90.54819,4.599555,Head
2/16/2017 2:48:15 PM:400,-1.297137,1.383443,-1.464056,355.6749,94.20969,2.396328,Head
2/16/2017 2:48:15 PM:467,-1.300322,1.375669,-1.450793,4.158966,104.1831,359.391,Head
2/16/2017 2:48:15 PM:511,-1.304395,1.372171,-1.447941,6.134137,108.2822,359.3512,Head
2/16/2017 2:48:15 PM:551,-1.307472,1.371079,-1.445307,10.30017,112.8878,359.399,Head
2/16/2017 2:48:15 PM:590,-1.313263,1.367782,-1.442709,14.24439,119.65,359.8482,Head
2/16/2017 2:48:15 PM:623,-1.31772,1.364537,-1.440319,15.62083,124.7255,1.022238,Head
2/16/2017 2:48:15 PM:657,-1.321576,1.361261,-1.438341,16.6215,129.4191,2.385841,Head
2/16/2017 2:48:15 PM:691,-1.32556,1.357859,-1.436382,16.90842,133.6679,3.645057,Head
2/16/2017 2:48:15 PM:723,-1.329447,1.353884,-1.434278,16.11871,137.7262,5.335987,Head
2/16/2017 2:48:15 PM:760,-1.333758,1.349496,-1.432422,14.86487,140.9477,6.867106,Head
2/16/2017 2:48:15 PM:793,-1.337886,1.345612,-1.430689,13.80136,143.6925,7.460001,Head
2/16/2017 2:48:15 PM:827,-1.341658,1.342371,-1.429548,13.00633,145.7977,8.190547,Head
2/16/2017 2:48:15 PM:863,-1.344122,1.340773,-1.428544,13.41308,147.7969,8.473666,Head
2/16/2017 2:48:15 PM:898,-1.34587,1.339537,-1.427943,13.70588,148.9183,8.531598,Head
2/16/2017 2:48:15 PM:945,-1.346956,1.338318,-1.427534,13.3466,149.0554,8.274267,Head
2/16/2017 2:48:15 PM:986,-1.345843,1.33856,-1.427589,13.60756,147.8598,7.859389,Head
2/16/2017 2:48:16 PM:26,-1.343981,1.338401,-1.427659,13.35515,146.2814,7.230707,Head
2/16/2017 2:48:16 PM:63,-1.340698,1.337856,-1.427328,12.93815,143.8699,6.957757,Head
2/16/2017 2:48:16 PM:102,-1.337905,1.336598,-1.426354,11.64915,141.7852,6.340555,Head
2/16/2017 2:48:16 PM:139,-1.334914,1.333696,-1.42491,8.46207,137.6986,5.667564,Head
2/16/2017 2:48:16 PM:170,-1.33227,1.331411,-1.424128,5.836435,134.3781,5.314766,Head
2/16/2017 2:48:16 PM:206,-1.329625,1.329434,-1.423855,3.298196,131.1277,5.053172,Head
2/16/2017 2:48:16 PM:246,-1.326399,1.327922,-1.423446,1.623383,128.6936,4.994312,Head
2/16/2017 2:48:16 PM:286,-1.322699,1.32697,-1.423005,0.3000607,126.1459,4.705543,Head
2/16/2017 2:48:16 PM:321,-1.31987,1.326695,-1.422381,0.1152698,124.9624,4.488338,Head
2/16/2017 2:48:16 PM:358,-1.317348,1.326843,-1.421582,0.04942091,124.3683,4.496165,Head
2/16/2017 2:48:16 PM:395,-1.314748,1.327301,-1.419994,0.1882271,124.1678,4.696808,Head
2/16/2017 2:48:16 PM:450,-1.312632,1.328235,-1.418219,359.9828,124.0874,5.105517,Head
2/16/2017 2:48:16 PM:492,-1.312088,1.32905,-1.417017,359.9158,124.2394,5.547068,Head
2/16/2017 2:48:16 PM:531,-1.311896,1.330356,-1.415377,0.1283281,124.8603,5.961964,Head
2/16/2017 2:48:16 PM:584,-1.312063,1.331735,-1.413769,0.4051608,125.7577,6.369793,Head
2/16/2017 2:48:16 PM:648,-1.312816,1.332222,-1.412537,0.1594875,126.5137,6.908879,Head
2/16/2017 2:48:16 PM:696,-1.314185,1.332378,-1.411628,359.5076,126.8388,7.379302,Head
2/16/2017 2:48:16 PM:751,-1.315106,1.332649,-1.411052,359.2219,127.1709,7.775747,Head
2/16/2017 2:48:16 PM:785,-1.315751,1.333078,-1.410704,359.3144,127.5419,7.988584,Head
2/16/2017 2:48:16 PM:818,-1.316148,1.333264,-1.410677,359.4709,127.8376,8.027799,Head
2/16/2017 2:48:16 PM:852,-1.316421,1.333338,-1.410779,359.3062,127.9606,8.354604,Head
2/16/2017 2:48:16 PM:887,-1.316858,1.333234,-1.41097,358.8364,127.8912,8.732696,Head
2/16/2017 2:48:16 PM:921,-1.317279,1.333377,-1.411359,358.7195,127.8183,8.604958,Head
2/16/2017 2:48:16 PM:952,-1.31781,1.33349,-1.412077,358.7791,127.5536,8.397483,Head
2/16/2017 2:48:16 PM:989,-1.318156,1.333224,-1.412965,358.4896,127.1414,8.443449,Head
2/16/2017 2:48:17 PM:46,-1.31869,1.332941,-1.414205,357.944,126.4735,8.495065,Head
2/16/2017 2:48:17 PM:81,-1.318646,1.332558,-1.415055,357.5118,126.0172,8.678269,Head
2/16/2017 2:48:17 PM:135,-1.318637,1.330675,-1.416319,355.4016,124.6749,9.530491,Head
2/16/2017 2:48:17 PM:170,-1.31842,1.329619,-1.417224,354.2943,123.6875,9.859701,Head
2/16/2017 2:48:17 PM:206,-1.318445,1.328276,-1.418324,352.7301,122.5141,10.29316,Head
2/16/2017 2:48:17 PM:246,-1.318208,1.32636,-1.419519,350.4796,121.1591,11.0592,Head
2/16/2017 2:48:17 PM:302,-1.317608,1.324636,-1.420815,348.4742,119.9858,11.7242,Head
2/16/2017 2:48:17 PM:338,-1.317462,1.324004,-1.421176,347.8764,119.6523,12.10592,Head
2/16/2017 2:48:17 PM:373,-1.317265,1.323563,-1.421377,347.5547,119.5817,12.36053,Head
2/16/2017 2:48:17 PM:412,-1.316803,1.324023,-1.421222,348.4766,120.2456,12.21707,Head
2/16/2017 2:48:17 PM:469,-1.315902,1.325426,-1.421024,351.0885,122.0153,11.3073,Head
2/16/2017 2:48:17 PM:506,-1.315224,1.326653,-1.421108,353.6306,123.4558,10.53376,Head
2/16/2017 2:48:17 PM:549,-1.314384,1.328053,-1.421589,356.7804,125.1865,9.616825,Head
2/16/2017 2:48:17 PM:583,-1.313309,1.329311,-1.422667,0.8396458,127.1432,8.266973,Head
2/16/2017 2:48:17 PM:621,-1.312855,1.328851,-1.423713,2.207393,127.8239,7.967082,Head
2/16/2017 2:48:17 PM:658,-1.31261,1.327864,-1.424567,2.672884,128.3091,7.811315,Head
2/16/2017 2:48:17 PM:691,-1.312751,1.327545,-1.425029,2.803323,128.4996,7.756691,Head
2/16/2017 2:48:17 PM:726,-1.313264,1.326917,-1.425547,2.33466,128.4576,7.907269,Head
2/16/2017 2:48:17 PM:759,-1.313462,1.326256,-1.425987,1.931413,128.4432,7.957057,Head
2/16/2017 2:48:17 PM:797,-1.314209,1.325583,-1.426806,1.447359,128.0746,7.897728,Head
2/16/2017 2:48:17 PM:835,-1.315285,1.324817,-1.427511,1.096135,127.7963,7.756423,Head
2/16/2017 2:48:17 PM:868,-1.315962,1.324311,-1.427692,0.9574014,127.7592,7.702318,Head
2/16/2017 2:48:17 PM:902,-1.316367,1.323667,-1.427693,0.8667848,127.9172,7.558664,Head
2/16/2017 2:48:17 PM:935,-1.316674,1.323262,-1.427575,0.8782097,128.0338,7.520796,Head
2/16/2017 2:48:17 PM:970,-1.317065,1.322612,-1.42745,0.5514767,127.9908,7.492647,Head
2/16/2017 2:48:18 PM:4,-1.317443,1.322239,-1.426928,0.3780772,128.039,7.596334,Head
2/16/2017 2:48:18 PM:42,-1.317513,1.322365,-1.426237,0.3724712,128.3103,7.769548,Head
2/16/2017 2:48:18 PM:76,-1.317575,1.322632,-1.425378,0.3687649,128.6554,7.982273,Head
2/16/2017 2:48:18 PM:109,-1.317564,1.323288,-1.42456,0.6293149,129.0632,8.198447,Head
2/16/2017 2:48:18 PM:144,-1.31711,1.324244,-1.423837,1.391025,129.5442,8.157442,Head
2/16/2017 2:48:18 PM:182,-1.316673,1.324984,-1.422795,1.724873,129.9796,8.384858,Head
2/16/2017 2:48:18 PM:237,-1.316347,1.325603,-1.421736,2.301262,130.4103,8.457482,Head
2/16/2017 2:48:18 PM:272,-1.316284,1.32576,-1.421167,2.51905,130.6385,8.433635,Head
2/16/2017 2:48:18 PM:314,-1.316334,1.325345,-1.420602,2.198685,130.667,8.487123,Head
2/16/2017 2:48:18 PM:348,-1.31654,1.325275,-1.420138,2.182905,130.7203,8.453447,Head
2/16/2017 2:48:18 PM:385,-1.316847,1.325161,-1.420199,2.231063,130.5939,8.25077,Head
2/16/2017 2:48:18 PM:420,-1.317187,1.324669,-1.42027,1.944415,130.435,8.193997,Head
2/16/2017 2:48:18 PM:460,-1.317507,1.324254,-1.420516,1.653086,130.1426,8.157421,Head
2/16/2017 2:48:18 PM:504,-1.317398,1.324031,-1.420826,1.738488,130.0633,8.098317,Head
2/16/2017 2:48:18 PM:571,-1.317413,1.323692,-1.420796,1.7173,130.0539,8.205064,Head
2/16/2017 2:48:18 PM:617,-1.317082,1.32392,-1.42077,1.685473,130.1714,8.308983,Head
2/16/2017 2:48:18 PM:651,-1.316893,1.32427,-1.420776,1.837487,130.1696,8.411174,Head
2/16/2017 2:48:18 PM:687,-1.316942,1.324478,-1.420788,1.849084,130.1351,8.420515,Head
2/16/2017 2:48:18 PM:723,-1.316868,1.32455,-1.420933,1.745747,129.9849,8.542872,Head
2/16/2017 2:48:18 PM:761,-1.316907,1.324543,-1.420997,1.683208,129.8898,8.548832,Head
2/16/2017 2:48:18 PM:797,-1.317153,1.3241,-1.421044,1.479179,129.7723,8.507782,Head
2/16/2017 2:48:18 PM:831,-1.317296,1.323633,-1.421066,1.316569,129.7488,8.52182,Head
2/16/2017 2:48:18 PM:862,-1.317427,1.32336,-1.420996,1.386194,129.8252,8.432139,Head
2/16/2017 2:48:18 PM:896,-1.317475,1.323028,-1.421148,1.430789,129.8967,8.32325,Head
2/16/2017 2:48:18 PM:929,-1.317522,1.322868,-1.421288,1.41,129.8779,8.384928,Head
2/16/2017 2:48:18 PM:963,-1.317418,1.322801,-1.421307,1.480681,129.8479,8.372847,Head
2/16/2017 2:48:18 PM:995,-1.317362,1.322974,-1.421298,1.470702,129.7958,8.444026,Head
2/16/2017 2:48:19 PM:29,-1.317548,1.323261,-1.421149,1.38572,129.7857,8.551405,Head
2/16/2017 2:48:19 PM:62,-1.31787,1.32362,-1.420941,1.32739,129.7681,8.682152,Head
2/16/2017 2:48:19 PM:96,-1.318163,1.323921,-1.420533,1.196746,129.7665,8.796815,Head
2/16/2017 2:48:19 PM:129,-1.318343,1.324034,-1.420139,1.088031,129.8168,8.859353,Head
2/16/2017 2:48:19 PM:173,-1.318465,1.324247,-1.419829,1.104421,129.9816,8.864552,Head
2/16/2017 2:48:19 PM:209,-1.318692,1.324252,-1.419628,1.123234,130.0565,8.812852,Head
2/16/2017 2:48:19 PM:266,-1.319008,1.324103,-1.419221,1.00055,130.0462,8.856339,Head
2/16/2017 2:48:19 PM:298,-1.319142,1.323981,-1.418885,0.9683362,130.1151,8.867322,Head
2/16/2017 2:48:19 PM:332,-1.319288,1.323959,-1.418519,0.9336686,130.2378,8.885155,Head
2/16/2017 2:48:19 PM:370,-1.319546,1.324093,-1.418249,0.9107672,130.3319,8.947941,Head
2/16/2017 2:48:19 PM:402,-1.319732,1.324201,-1.418019,0.8990977,130.382,8.962658,Head
2/16/2017 2:48:19 PM:441,-1.32002,1.324353,-1.417941,0.9189016,130.3636,8.929619,Head
2/16/2017 2:48:19 PM:487,-1.320259,1.324644,-1.417909,0.8936325,130.2569,9.037213,Head
2/16/2017 2:48:19 PM:545,-1.320441,1.324334,-1.417875,0.7943476,130.2269,8.952703,Head
2/16/2017 2:48:19 PM:582,-1.320698,1.324004,-1.417892,0.7567453,130.2649,8.902751,Head
2/16/2017 2:48:19 PM:617,-1.320902,1.323642,-1.417869,0.7320275,130.2784,8.872671,Head
2/16/2017 2:48:19 PM:651,-1.321002,1.323194,-1.417832,0.6409456,130.2844,8.85303,Head
2/16/2017 2:48:19 PM:686,-1.320902,1.322943,-1.41773,0.6747851,130.3846,8.820816,Head
2/16/2017 2:48:19 PM:755,-1.320525,1.323132,-1.417088,0.6027687,130.4446,8.971841,Head
2/16/2017 2:48:19 PM:803,-1.320728,1.323605,-1.416554,0.4804127,130.4276,9.16089,Head
2/16/2017 2:48:19 PM:839,-1.320661,1.324037,-1.415842,0.3362558,130.5112,9.363739,Head
2/16/2017 2:48:19 PM:879,-1.320773,1.324612,-1.414594,0.3821931,130.8034,9.540241,Head
2/16/2017 2:48:19 PM:915,-1.320869,1.324708,-1.413764,0.3034725,130.9779,9.596975,Head
2/16/2017 2:48:19 PM:951,-1.321108,1.324751,-1.413094,0.222911,131.0959,9.602093,Head
2/16/2017 2:48:19 PM:989,-1.321281,1.324609,-1.412453,0.1119283,131.2061,9.595902,Head
2/16/2017 2:48:20 PM:25,-1.321557,1.324604,-1.411947,359.9909,131.2098,9.544002,Head
2/16/2017 2:48:20 PM:58,-1.321734,1.324596,-1.411869,359.959,131.1628,9.534855,Head
2/16/2017 2:48:20 PM:94,-1.321857,1.324613,-1.411821,359.9329,131.1633,9.600986,Head
2/16/2017 2:48:20 PM:127,-1.321703,1.324441,-1.411727,359.9836,131.2139,9.553025,Head
2/16/2017 2:48:20 PM:163,-1.321695,1.32426,-1.411737,0.01282304,131.1971,9.557432,Head
2/16/2017 2:48:20 PM:197,-1.321592,1.323928,-1.411724,359.972,131.1327,9.427649,Head
2/16/2017 2:48:20 PM:231,-1.321283,1.323379,-1.411967,0.00566863,131.0894,9.274955,Head
2/16/2017 2:48:20 PM:270,-1.321121,1.322792,-1.412017,0.001711816,131.0952,9.167227,Head
2/16/2017 2:48:20 PM:304,-1.320792,1.322348,-1.412205,359.9766,131.0376,9.119461,Head
2/16/2017 2:48:20 PM:336,-1.320716,1.322286,-1.412329,359.9439,130.9736,9.150688,Head
2/16/2017 2:48:20 PM:371,-1.320659,1.322187,-1.412378,359.8963,130.9941,9.257588,Head
2/16/2017 2:48:20 PM:416,-1.320598,1.322328,-1.412283,359.9093,131.1475,9.316195,Head
2/16/2017 2:48:20 PM:456,-1.320764,1.32291,-1.412153,0.2999942,131.463,9.315584,Head
2/16/2017 2:48:20 PM:498,-1.320945,1.322985,-1.412266,0.6075484,131.8531,9.306358,Head
2/16/2017 2:48:20 PM:536,-1.321252,1.323581,-1.41214,1.326713,132.4028,9.282313,Head
2/16/2017 2:48:20 PM:577,-1.321251,1.325796,-1.411142,3.993002,134.4095,9.473602,Head
2/16/2017 2:48:20 PM:635,-1.320768,1.32976,-1.408513,8.810533,139.1972,9.806531,Head
2/16/2017 2:48:20 PM:678,-1.318928,1.333511,-1.406396,14.38319,144.8715,10.05973,Head
2/16/2017 2:48:20 PM:716,-1.317543,1.336224,-1.405421,18.46827,149.4763,10.77853,Head
2/16/2017 2:48:20 PM:754,-1.316512,1.3393,-1.405294,23.05129,154.1823,11.62819,Head
2/16/2017 2:48:20 PM:792,-1.31672,1.34036,-1.40567,24.75324,156.269,12.05036,Head
2/16/2017 2:48:20 PM:830,-1.318163,1.341411,-1.40667,26.38313,157.2681,11.91586,Head
2/16/2017 2:48:20 PM:884,-1.321064,1.340851,-1.407407,25.61231,156.4998,11.26422,Head
2/16/2017 2:48:20 PM:919,-1.323078,1.3398,-1.407655,24.50643,155.4238,10.53682,Head
2/16/2017 2:48:20 PM:953,-1.325081,1.337649,-1.407546,22.98402,154.2329,9.81087,Head
2/16/2017 2:48:20 PM:986,-1.328112,1.334242,-1.407119,19.88253,151.9734,9.189306,Head
2/16/2017 2:48:21 PM:31,-1.33122,1.33082,-1.40645,16.14593,149.1022,8.755118,Head
2/16/2017 2:48:21 PM:65,-1.335767,1.323884,-1.405734,8.202607,143.8004,8.136289,Head
2/16/2017 2:48:21 PM:105,-1.337629,1.321187,-1.404804,4.124053,140.7467,8.465681,Head
2/16/2017 2:48:21 PM:143,-1.340063,1.316648,-1.403734,357.6956,136.1779,9.111924,Head
2/16/2017 2:48:21 PM:197,-1.339799,1.315719,-1.400615,354.351,133.8663,9.774718,Head
2/16/2017 2:48:21 PM:239,-1.338918,1.315927,-1.398301,353.4289,133.1358,10.06225,Head
2/16/2017 2:48:21 PM:281,-1.336779,1.318151,-1.394659,354.2218,133.6276,10.05554,Head
2/16/2017 2:48:21 PM:336,-1.333844,1.319548,-1.390711,354.9871,134.1873,10.07279,Head
2/16/2017 2:48:21 PM:370,-1.332363,1.320185,-1.388711,355.0789,134.1334,10.20978,Head
2/16/2017 2:48:21 PM:405,-1.331321,1.320292,-1.387296,354.671,133.5185,10.38316,Head
2/16/2017 2:48:21 PM:446,-1.33048,1.320406,-1.386054,354.3307,133.0759,10.41413,Head
2/16/2017 2:48:21 PM:479,-1.329538,1.320614,-1.384833,354.1563,132.7068,10.2922,Head
2/16/2017 2:48:21 PM:512,-1.32885,1.320545,-1.383979,354.1067,132.669,10.31494,Head
2/16/2017 2:48:21 PM:548,-1.328249,1.320488,-1.383133,354.1301,132.7648,10.25265,Head
2/16/2017 2:48:21 PM:583,-1.327996,1.320072,-1.382588,354.0517,132.6191,10.11804,Head
2/16/2017 2:48:21 PM:623,-1.32764,1.318811,-1.382281,353.5588,132.2238,9.977035,Head
2/16/2017 2:48:21 PM:658,-1.327465,1.317936,-1.382247,353.3947,131.9555,9.897973,Head
2/16/2017 2:48:21 PM:695,-1.327237,1.317006,-1.382238,353.2645,131.823,9.637688,Head
2/16/2017 2:48:21 PM:736,-1.32692,1.315488,-1.382446,353.028,131.5272,9.163582,Head
2/16/2017 2:48:21 PM:791,-1.326464,1.313235,-1.38351,351.3064,129.8644,9.095293,Head
2/16/2017 2:48:21 PM:826,-1.325871,1.311439,-1.38521,349.2772,127.4676,9.352057,Head
2/16/2017 2:48:21 PM:863,-1.325005,1.308647,-1.387872,346.1816,124.0126,9.822289,Head
2/16/2017 2:48:21 PM:904,-1.32329,1.304097,-1.391868,341.127,118.6596,10.72224,Head
2/16/2017 2:48:21 PM:961,-1.319875,1.299085,-1.397786,336.2613,112.1535,10.55373,Head
2/16/2017 2:48:21 PM:997,-1.316938,1.295977,-1.401729,334.7806,108.4972,9.680738,Head
2/16/2017 2:48:22 PM:32,-1.313709,1.292336,-1.40598,333.2405,104.8122,9.335352,Head
2/16/2017 2:48:22 PM:76,-1.309814,1.288633,-1.409836,334.209,102.4968,6.432034,Head
2/16/2017 2:48:22 PM:134,-1.301068,1.282595,-1.415144,339.5853,101.439,359.2821,Head
2/16/2017 2:48:22 PM:198,-1.295437,1.277927,-1.417331,343.681,101.7771,354.9432,Head
2/16/2017 2:48:22 PM:239,-1.289923,1.272672,-1.418835,345.772,101.7078,352.4733,Head
2/16/2017 2:48:22 PM:296,-1.284192,1.268111,-1.419419,348.0359,101.504,350.675,Head
2/16/2017 2:48:22 PM:332,-1.281577,1.265805,-1.419648,349.5657,101.6356,349.8334,Head
2/16/2017 2:48:22 PM:374,-1.278447,1.262814,-1.420067,350.8439,101.9908,349.0396,Head
2/16/2017 2:48:22 PM:429,-1.275627,1.260003,-1.42176,352.0478,102.1305,348.3248,Head
2/16/2017 2:48:22 PM:464,-1.274584,1.258466,-1.423027,351.9607,101.9682,348.0964,Head
2/16/2017 2:48:22 PM:511,-1.273793,1.256733,-1.424988,351.4337,101.5146,348.1993,Head
2/16/2017 2:48:22 PM:548,-1.273902,1.255629,-1.426684,351.0705,101.4771,348.2327,Head
2/16/2017 2:48:22 PM:606,-1.275177,1.254439,-1.427902,351.0903,101.9562,348.0248,Head
2/16/2017 2:48:22 PM:640,-1.276158,1.253769,-1.428437,351.1181,102.582,348.017,Head
2/16/2017 2:48:22 PM:676,-1.277211,1.253175,-1.428812,351.3478,103.1886,347.9616,Head
2/16/2017 2:48:22 PM:710,-1.278572,1.252231,-1.429131,351.3535,103.702,347.9513,Head
2/16/2017 2:48:22 PM:742,-1.280401,1.251159,-1.429227,351.3289,104.2465,347.9145,Head
2/16/2017 2:48:22 PM:778,-1.281971,1.249892,-1.429445,351.3189,104.8673,347.8736,Head
2/16/2017 2:48:22 PM:811,-1.283876,1.248634,-1.429559,351.288,105.4734,347.9261,Head
2/16/2017 2:48:22 PM:850,-1.286604,1.246384,-1.429653,351.4093,106.144,348.3197,Head
2/16/2017 2:48:22 PM:889,-1.289046,1.243994,-1.42972,351.5617,106.7328,348.9361,Head
2/16/2017 2:48:22 PM:921,-1.291738,1.24005,-1.429575,351.9359,107.4882,349.9499,Head
2/16/2017 2:48:22 PM:954,-1.296228,1.234852,-1.429984,352.3635,108.5111,351.1823,Head
2/16/2017 2:48:22 PM:990,-1.301283,1.227738,-1.43053,353.0829,109.8428,352.5553,Head
2/16/2017 2:48:23 PM:25,-1.307057,1.218453,-1.431546,354.4028,111.3148,354.4513,Head
2/16/2017 2:48:23 PM:63,-1.315818,1.201644,-1.433957,356.2623,113.3204,356.5692,Head
2/16/2017 2:48:23 PM:120,-1.330407,1.17442,-1.438452,358.3673,116.5049,0.10292,Head
2/16/2017 2:48:23 PM:154,-1.340924,1.155143,-1.442515,359.0637,118.7007,2.337063,Head
2/16/2017 2:48:23 PM:186,-1.352891,1.134774,-1.447679,359.8427,121.0762,3.728028,Head
2/16/2017 2:48:23 PM:219,-1.366449,1.11496,-1.454583,1.514282,123.4245,4.869975,Head
2/16/2017 2:48:23 PM:252,-1.381109,1.094694,-1.463655,3.702935,126.1976,5.595693,Head
2/16/2017 2:48:23 PM:288,-1.396584,1.073463,-1.474771,4.293279,129.6394,5.314272,Head
2/16/2017 2:48:23 PM:320,-1.411512,1.054227,-1.488157,5.728198,132.9143,4.696958,Head
2/16/2017 2:48:23 PM:357,-1.426353,1.037208,-1.50333,7.972342,135.5088,3.68736,Head
2/16/2017 2:48:23 PM:393,-1.441191,1.02088,-1.518695,8.351121,136.891,1.444361,Head
2/16/2017 2:48:23 PM:433,-1.458733,1.001518,-1.53808,7.43896,137.8965,359.0645,Head
2/16/2017 2:48:23 PM:478,-1.475307,0.9871675,-1.555154,8.860253,138.8728,356.956,Head
2/16/2017 2:48:23 PM:512,-1.485248,0.9775834,-1.565832,11.30043,140.4379,354.7312,Head
2/16/2017 2:48:23 PM:546,-1.493516,0.968223,-1.574143,13.3125,142.2309,353.7565,Head
2/16/2017 2:48:23 PM:581,-1.5,0.9594174,-1.580845,14.84526,143.9656,353.2174,Head
2/16/2017 2:48:23 PM:616,-1.505884,0.9526661,-1.587437,17.55542,144.8087,351.9825,Head
2/16/2017 2:48:23 PM:650,-1.511232,0.9470128,-1.592829,20.79176,145.435,351.5828,Head
2/16/2017 2:48:23 PM:710,-1.520287,0.9340183,-1.602262,28.33493,146.4295,350.7021,Head
2/16/2017 2:48:23 PM:770,-1.523374,0.9268941,-1.606086,34.85012,146.5106,349.1472,Head
2/16/2017 2:48:23 PM:807,-1.52525,0.9212841,-1.610078,40.79504,146.1569,347.9913,Head
2/16/2017 2:48:23 PM:846,-1.52715,0.9104463,-1.613439,46.98255,145.1772,344.8268,Head
2/16/2017 2:48:23 PM:904,-1.530332,0.8957473,-1.617716,53.65741,141.3329,340.0221,Head
2/16/2017 2:48:23 PM:942,-1.532341,0.8848753,-1.619313,56.12939,138.5156,335.604,Head
2/16/2017 2:48:23 PM:982,-1.535736,0.8708357,-1.621507,59.61961,131.7462,328.6553,Head
2/16/2017 2:48:24 PM:36,-1.540302,0.8530856,-1.622137,62.35179,123.8173,319.0252,Head
2/16/2017 2:48:24 PM:71,-1.543145,0.8429073,-1.622187,63.6189,118.0596,312.8985,Head
2/16/2017 2:48:24 PM:109,-1.54534,0.8322688,-1.621353,64.18968,114.4282,308.1124,Head
2/16/2017 2:48:24 PM:149,-1.549533,0.8197765,-1.621086,63.64177,108.0905,301.0168,Head
2/16/2017 2:48:24 PM:183,-1.552382,0.8113018,-1.62016,63.25967,106.2987,298.8693,Head
2/16/2017 2:48:24 PM:217,-1.554859,0.8031293,-1.619544,63.19622,103.6103,295.5958,Head
2/16/2017 2:48:24 PM:252,-1.557381,0.7952889,-1.618948,62.67472,101.2051,292.32,Head
2/16/2017 2:48:24 PM:285,-1.559575,0.7878596,-1.618702,61.71926,100.1506,290.8806,Head
2/16/2017 2:48:24 PM:320,-1.561363,0.7801359,-1.618294,60.43056,100.1633,290.6256,Head
