2/16/2017 3:18:30 PM:568,0,0,0,0,0,0,RightController
2/16/2017 3:18:30 PM:610,-1.820614,0.7772514,-1.866041,346.9022,165.2758,0.0009713582,RightController
2/16/2017 3:18:30 PM:663,-1.820596,0.7767215,-1.866062,346.9026,165.2985,359.8687,RightController
2/16/2017 3:18:30 PM:696,-1.820471,0.7765381,-1.866161,346.903,165.2946,359.8698,RightController
2/16/2017 3:18:30 PM:729,-1.820642,0.7765516,-1.866055,346.8905,165.2836,359.9196,RightController
2/16/2017 3:18:30 PM:763,-1.820709,0.7768332,-1.866193,346.885,165.2724,359.9724,RightController
2/16/2017 3:18:30 PM:796,-1.82059,0.7769426,-1.865966,346.875,165.2494,0.04937938,RightController
2/16/2017 3:18:30 PM:830,-1.820634,0.7768022,-1.865901,346.8733,165.21,0.1917369,RightController
2/16/2017 3:18:30 PM:864,-1.820347,0.776933,-1.866122,346.8858,165.1826,0.3065499,RightController
2/16/2017 3:18:30 PM:897,-1.820123,0.7767509,-1.865775,346.8709,165.1708,0.3530956,RightController
2/16/2017 3:18:30 PM:931,-1.820033,0.7769841,-1.86584,346.8719,165.1738,0.3711606,RightController
2/16/2017 3:18:30 PM:964,-1.820057,0.7770228,-1.865837,346.8748,165.1712,0.3605522,RightController
2/16/2017 3:18:30 PM:998,-1.820193,0.7769257,-1.86585,346.87,165.1826,0.3139922,RightController
2/16/2017 3:18:31 PM:31,-1.820305,0.7765616,-1.865928,346.8728,165.1844,0.2873388,RightController
2/16/2017 3:18:31 PM:65,-1.820243,0.776585,-1.866223,346.8784,165.1962,0.2547675,RightController
2/16/2017 3:18:31 PM:98,-1.820287,0.7766076,-1.866107,346.8684,165.2063,0.1971795,RightController
2/16/2017 3:18:31 PM:132,-1.82025,0.7768337,-1.86604,346.8559,165.2295,0.127751,RightController
2/16/2017 3:18:31 PM:166,-1.820261,0.7770234,-1.866059,346.8546,165.2373,0.09649643,RightController
2/16/2017 3:18:31 PM:221,-1.820527,0.7770348,-1.865876,346.8428,165.2363,0.07797603,RightController
2/16/2017 3:18:31 PM:254,-1.820412,0.7770319,-1.865939,346.8522,165.2322,0.09808145,RightController
2/16/2017 3:18:31 PM:288,-1.820297,0.7768763,-1.866044,346.856,165.2216,0.1395108,RightController
2/16/2017 3:18:31 PM:320,-1.820186,0.7765971,-1.866025,346.8482,165.2097,0.1706874,RightController
2/16/2017 3:18:31 PM:354,-1.820421,0.7765881,-1.865961,346.8381,165.1972,0.1975864,RightController
2/16/2017 3:18:31 PM:388,-1.820386,0.7768584,-1.865919,346.836,165.1932,0.2253075,RightController
2/16/2017 3:18:31 PM:421,-1.820199,0.7765707,-1.86618,346.85,165.1938,0.2207045,RightController
2/16/2017 3:18:31 PM:455,-1.82007,0.7768787,-1.866174,346.8467,165.1954,0.2039287,RightController
2/16/2017 3:18:31 PM:491,-1.820108,0.7768117,-1.866034,346.8342,165.1978,0.211691,RightController
2/16/2017 3:18:31 PM:522,-1.820126,0.776703,-1.866136,346.8344,165.2,0.1975503,RightController
2/16/2017 3:18:31 PM:555,-1.820416,0.7767469,-1.865998,346.8246,165.217,0.1343358,RightController
2/16/2017 3:18:31 PM:589,-1.820232,0.7764028,-1.866002,346.8312,165.2114,0.1129309,RightController
2/16/2017 3:18:31 PM:622,-1.820388,0.7764419,-1.86601,346.8319,165.2097,0.1185088,RightController
2/16/2017 3:18:31 PM:656,-1.82025,0.7765417,-1.866224,346.8414,165.2182,0.1071707,RightController
2/16/2017 3:18:31 PM:689,-1.820094,0.7764432,-1.866258,346.835,165.2266,0.08554821,RightController
2/16/2017 3:18:31 PM:723,-1.820179,0.7767022,-1.865999,346.8205,165.2253,0.1137782,RightController
2/16/2017 3:18:31 PM:756,-1.820125,0.7767938,-1.866045,346.8272,165.2083,0.1638691,RightController
2/16/2017 3:18:31 PM:791,-1.820312,0.7766051,-1.866016,346.8185,165.209,0.1743525,RightController
2/16/2017 3:18:31 PM:823,-1.820093,0.7765127,-1.865939,346.8159,165.1908,0.220586,RightController
2/16/2017 3:18:31 PM:857,-1.819914,0.7763852,-1.866001,346.8277,165.1688,0.2828375,RightController
2/16/2017 3:18:31 PM:890,-1.820117,0.7765329,-1.866002,346.8182,165.164,0.3071663,RightController
2/16/2017 3:18:31 PM:924,-1.820159,0.7764868,-1.865935,346.8206,165.1658,0.2982559,RightController
2/16/2017 3:18:31 PM:957,-1.819933,0.776318,-1.86603,346.8177,165.1594,0.3121113,RightController
2/16/2017 3:18:31 PM:990,-1.819882,0.7763839,-1.866009,346.8199,165.1663,0.3024862,RightController
2/16/2017 3:18:32 PM:24,-1.82002,0.7766334,-1.86617,346.8246,165.1774,0.2517423,RightController
2/16/2017 3:18:32 PM:57,-1.819895,0.776414,-1.866175,346.8221,165.2018,0.1625059,RightController
2/16/2017 3:18:32 PM:91,-1.820126,0.7767528,-1.865986,346.8101,165.2322,0.07377489,RightController
2/16/2017 3:18:32 PM:127,-1.820093,0.7764921,-1.866008,346.8102,165.2314,0.02519025,RightController
2/16/2017 3:18:32 PM:163,-1.820117,0.7763414,-1.866395,346.8288,165.2372,0.03040257,RightController
2/16/2017 3:18:32 PM:203,-1.82013,0.7764554,-1.866287,346.811,165.2367,0.05756294,RightController
2/16/2017 3:18:32 PM:259,-1.81993,0.7763779,-1.866387,346.8136,165.203,0.1841407,RightController
2/16/2017 3:18:32 PM:292,-1.820002,0.7765487,-1.866376,346.8141,165.1844,0.2465484,RightController
2/16/2017 3:18:32 PM:327,-1.81979,0.7764537,-1.866028,346.7977,165.1582,0.361306,RightController
2/16/2017 3:18:32 PM:366,-1.819636,0.7765373,-1.865968,346.8016,165.1368,0.4495573,RightController
2/16/2017 3:18:32 PM:399,-1.819624,0.7766163,-1.866002,346.8105,165.1255,0.4922645,RightController
2/16/2017 3:18:32 PM:450,-1.819498,0.7762666,-1.866114,346.8275,165.0991,0.5719855,RightController
2/16/2017 3:18:32 PM:485,-1.819407,0.7763247,-1.866152,346.8189,165.087,0.5946251,RightController
2/16/2017 3:18:32 PM:517,-1.819587,0.7764934,-1.865976,346.8126,165.0871,0.6036188,RightController
2/16/2017 3:18:32 PM:549,-1.819584,0.7763855,-1.866107,346.8203,165.0949,0.5869814,RightController
2/16/2017 3:18:32 PM:583,-1.819664,0.776431,-1.866292,346.8283,165.0997,0.5658098,RightController
2/16/2017 3:18:32 PM:616,-1.819448,0.7762097,-1.866022,346.8174,165.0919,0.5863112,RightController
2/16/2017 3:18:32 PM:654,-1.819329,0.7761465,-1.86632,346.8372,165.1018,0.5637863,RightController
2/16/2017 3:18:32 PM:688,-1.819688,0.7762958,-1.866136,346.8248,165.1156,0.516156,RightController
2/16/2017 3:18:32 PM:720,-1.819526,0.7763531,-1.866122,346.827,165.1197,0.485561,RightController
2/16/2017 3:18:32 PM:755,-1.819752,0.776273,-1.866142,346.8205,165.137,0.4300015,RightController
2/16/2017 3:18:32 PM:806,-1.819565,0.7761836,-1.866446,346.8244,165.1598,0.335885,RightController
2/16/2017 3:18:32 PM:840,-1.819619,0.7760984,-1.866359,346.8162,165.1633,0.329815,RightController
2/16/2017 3:18:32 PM:874,-1.819563,0.7762649,-1.866488,346.8255,165.1789,0.2895358,RightController
2/16/2017 3:18:32 PM:910,-1.819839,0.7762524,-1.866168,346.81,165.1841,0.2308837,RightController
2/16/2017 3:18:32 PM:947,-1.820013,0.7762315,-1.86642,346.8144,165.1878,0.2259123,RightController
2/16/2017 3:18:32 PM:980,-1.819769,0.7763408,-1.866192,346.8104,165.1746,0.2594202,RightController
2/16/2017 3:18:33 PM:31,-1.819893,0.775991,-1.866299,346.807,165.1735,0.2771085,RightController
2/16/2017 3:18:33 PM:65,-1.819828,0.7760785,-1.866188,346.8168,165.1607,0.3069426,RightController
2/16/2017 3:18:33 PM:99,-1.819491,0.7762719,-1.866278,346.8111,165.1505,0.3520548,RightController
2/16/2017 3:18:33 PM:133,-1.819297,0.7761271,-1.866395,346.8177,165.1451,0.3766261,RightController
2/16/2017 3:18:33 PM:166,-1.819435,0.7760767,-1.866171,346.8057,165.1382,0.4030382,RightController
2/16/2017 3:18:33 PM:199,-1.819644,0.7762177,-1.866163,346.8031,165.1342,0.4035327,RightController
2/16/2017 3:18:33 PM:234,-1.819364,0.7759209,-1.866384,346.8137,165.1407,0.4000356,RightController
2/16/2017 3:18:33 PM:275,-1.819519,0.7758452,-1.866303,346.7957,165.1325,0.3997723,RightController
2/16/2017 3:18:33 PM:316,-1.819597,0.7758207,-1.86632,346.7981,165.1415,0.3692559,RightController
2/16/2017 3:18:33 PM:353,-1.819716,0.7763057,-1.866386,346.8074,165.1552,0.3163751,RightController
2/16/2017 3:18:33 PM:410,-1.819504,0.7761713,-1.866479,346.8045,165.1665,0.2694914,RightController
2/16/2017 3:18:33 PM:445,-1.819322,0.7758549,-1.866454,346.7976,165.1638,0.2637937,RightController
2/16/2017 3:18:33 PM:488,-1.819535,0.7758337,-1.866437,346.8039,165.164,0.2576491,RightController
2/16/2017 3:18:33 PM:545,-1.819871,0.7760799,-1.86624,346.7924,165.1644,0.2797187,RightController
2/16/2017 3:18:33 PM:589,-1.819786,0.77623,-1.866496,346.8065,165.158,0.3040596,RightController
2/16/2017 3:18:33 PM:625,-1.819461,0.776167,-1.866167,346.7983,165.1491,0.341694,RightController
2/16/2017 3:18:33 PM:666,-1.819512,0.7761029,-1.866032,346.7873,165.1371,0.3709687,RightController
2/16/2017 3:18:33 PM:718,-1.819462,0.7761638,-1.866389,346.8045,165.1401,0.3677679,RightController
2/16/2017 3:18:33 PM:756,-1.819292,0.7757863,-1.866408,346.8122,165.1454,0.3409687,RightController
2/16/2017 3:18:33 PM:804,-1.819615,0.7759718,-1.866364,346.7957,165.1613,0.3062808,RightController
2/16/2017 3:18:33 PM:847,-1.819359,0.7757854,-1.866425,346.8035,165.1609,0.2911911,RightController
2/16/2017 3:18:33 PM:881,-1.819356,0.7757905,-1.866435,346.8009,165.1605,0.262024,RightController
2/16/2017 3:18:33 PM:917,-1.819453,0.7759362,-1.866542,346.8032,165.1474,0.2717387,RightController
2/16/2017 3:18:33 PM:952,-1.819632,0.7760901,-1.866352,346.788,165.1616,0.2607585,RightController
2/16/2017 3:18:33 PM:991,-1.819554,0.7762036,-1.866542,346.7971,165.1507,0.2738242,RightController
2/16/2017 3:18:34 PM:47,-1.819293,0.775779,-1.866429,346.7892,165.1375,0.3092724,RightController
2/16/2017 3:18:34 PM:84,-1.819327,0.7758403,-1.866405,346.7843,165.1488,0.3101494,RightController
2/16/2017 3:18:34 PM:125,-1.819247,0.7757026,-1.866785,346.7942,165.1427,0.3334948,RightController
2/16/2017 3:18:34 PM:160,-1.819537,0.7755221,-1.866401,346.7792,165.1427,0.320778,RightController
2/16/2017 3:18:34 PM:198,-1.819436,0.7757895,-1.86626,346.7751,165.1395,0.3249885,RightController
2/16/2017 3:18:34 PM:237,-1.819471,0.7757819,-1.8664,346.7796,165.1435,0.3119569,RightController
2/16/2017 3:18:34 PM:271,-1.819322,0.7758744,-1.866514,346.7854,165.1454,0.3047298,RightController
2/16/2017 3:18:34 PM:307,-1.819422,0.7760632,-1.866575,346.7791,165.1479,0.2969393,RightController
2/16/2017 3:18:34 PM:348,-1.819367,0.7756008,-1.86652,346.7787,165.1471,0.2755289,RightController
2/16/2017 3:18:34 PM:382,-1.819366,0.7758334,-1.866512,346.7772,165.1501,0.2814888,RightController
2/16/2017 3:18:34 PM:415,-1.819553,0.7759256,-1.866316,346.7682,165.1421,0.2821997,RightController
2/16/2017 3:18:34 PM:451,-1.819444,0.7757069,-1.866494,346.7774,165.157,0.2889495,RightController
2/16/2017 3:18:34 PM:493,-1.819371,0.7760357,-1.866633,346.7824,165.1509,0.2948955,RightController
2/16/2017 3:18:34 PM:528,-1.819302,0.7760739,-1.866626,346.7725,165.1537,0.2952996,RightController
2/16/2017 3:18:34 PM:561,-1.819441,0.7758073,-1.866471,346.7679,165.1531,0.3032194,RightController
2/16/2017 3:18:34 PM:596,-1.81923,0.7756896,-1.866523,346.7766,165.1449,0.3205911,RightController
2/16/2017 3:18:34 PM:630,-1.819369,0.7756925,-1.866419,346.7713,165.1535,0.299278,RightController
2/16/2017 3:18:34 PM:667,-1.819211,0.7755114,-1.866377,346.7624,165.1539,0.3022327,RightController
2/16/2017 3:18:34 PM:705,-1.819371,0.7756015,-1.866554,346.761,165.1477,0.3022913,RightController
2/16/2017 3:18:34 PM:742,-1.819447,0.7754693,-1.866503,346.7563,165.1416,0.2991141,RightController
2/16/2017 3:18:34 PM:778,-1.819275,0.7755857,-1.866499,346.757,165.1395,0.3053183,RightController
2/16/2017 3:18:34 PM:817,-1.819276,0.7754341,-1.866676,346.762,165.1526,0.2755373,RightController
2/16/2017 3:18:34 PM:874,-1.819247,0.7757571,-1.866415,346.7448,165.1511,0.2751894,RightController
2/16/2017 3:18:34 PM:918,-1.819251,0.7756811,-1.866703,346.757,165.1428,0.2805188,RightController
2/16/2017 3:18:34 PM:955,-1.819347,0.7758071,-1.866459,346.744,165.1425,0.2789266,RightController
2/16/2017 3:18:34 PM:997,-1.819297,0.7757862,-1.866475,346.7472,165.1415,0.2933056,RightController
2/16/2017 3:18:35 PM:35,-1.819166,0.7753726,-1.866452,346.7469,165.1321,0.3140063,RightController
2/16/2017 3:18:35 PM:75,-1.819316,0.7755853,-1.866478,346.7433,165.1329,0.3196366,RightController
2/16/2017 3:18:35 PM:113,-1.819229,0.7758515,-1.866701,346.7552,165.1484,0.3062902,RightController
2/16/2017 3:18:35 PM:152,-1.819347,0.7757885,-1.866477,346.7389,165.138,0.2815771,RightController
2/16/2017 3:18:35 PM:192,-1.819416,0.7755814,-1.866448,346.7467,165.1432,0.2742814,RightController
2/16/2017 3:18:35 PM:230,-1.819131,0.7755064,-1.866657,346.7574,165.1514,0.2787089,RightController
2/16/2017 3:18:35 PM:287,-1.81938,0.7756503,-1.866451,346.7485,165.1556,0.2559326,RightController
2/16/2017 3:18:35 PM:331,-1.819227,0.7757539,-1.866552,346.7639,165.1645,0.2620558,RightController
2/16/2017 3:18:35 PM:376,-1.819335,0.7756246,-1.866603,346.764,165.1488,0.2748181,RightController
2/16/2017 3:18:35 PM:415,-1.819597,0.7754701,-1.866742,346.7633,165.1461,0.2822273,RightController
2/16/2017 3:18:35 PM:454,-1.819063,0.7753879,-1.866895,346.774,165.1462,0.2949203,RightController
2/16/2017 3:18:35 PM:491,-1.819006,0.7756227,-1.866712,346.7682,165.1457,0.3027056,RightController
2/16/2017 3:18:35 PM:533,-1.818917,0.775476,-1.866632,346.7681,165.1375,0.3137346,RightController
2/16/2017 3:18:35 PM:570,-1.819153,0.7755377,-1.866539,346.7664,165.1412,0.3057233,RightController
2/16/2017 3:18:35 PM:607,-1.819251,0.7753351,-1.86656,346.7544,165.1469,0.2803186,RightController
2/16/2017 3:18:35 PM:644,-1.819196,0.7756945,-1.866749,346.7654,165.1539,0.2634953,RightController
2/16/2017 3:18:35 PM:677,-1.819159,0.7755851,-1.866682,346.7654,165.1577,0.2491272,RightController
2/16/2017 3:18:35 PM:712,-1.819083,0.7751814,-1.866583,346.7636,165.1497,0.2517093,RightController
2/16/2017 3:18:35 PM:748,-1.81925,0.7753912,-1.866521,346.7591,165.1521,0.2439478,RightController
2/16/2017 3:18:35 PM:790,-1.819161,0.7754291,-1.866531,346.7558,165.1556,0.2327718,RightController
2/16/2017 3:18:35 PM:825,-1.819378,0.7757179,-1.866393,346.7586,165.1483,0.2447315,RightController
2/16/2017 3:18:35 PM:861,-1.819518,0.7753904,-1.86654,346.761,165.1442,0.26247,RightController
2/16/2017 3:18:35 PM:901,-1.819199,0.775591,-1.866662,346.7615,165.1406,0.2881253,RightController
2/16/2017 3:18:35 PM:941,-1.819168,0.7755052,-1.866611,346.7654,165.1374,0.2981973,RightController
2/16/2017 3:18:35 PM:979,-1.819144,0.7756269,-1.866495,346.7606,165.1349,0.2832019,RightController
2/16/2017 3:18:36 PM:35,-1.819088,0.7754227,-1.866588,346.7656,165.1404,0.2751825,RightController
2/16/2017 3:18:36 PM:74,-1.819221,0.7754307,-1.86668,346.7628,165.1499,0.2609382,RightController
2/16/2017 3:18:36 PM:113,-1.81887,0.7751129,-1.86681,346.7728,165.1543,0.2489575,RightController
2/16/2017 3:18:36 PM:169,-1.818896,0.775059,-1.866868,346.76,165.148,0.2521119,RightController
2/16/2017 3:18:36 PM:203,-1.819111,0.7752912,-1.866664,346.7492,165.1454,0.2542332,RightController
2/16/2017 3:18:36 PM:239,-1.819243,0.775476,-1.866633,346.7589,165.1503,0.2547154,RightController
2/16/2017 3:18:36 PM:274,-1.819423,0.7754468,-1.866647,346.7617,165.1477,0.2506382,RightController
2/16/2017 3:18:36 PM:314,-1.819108,0.7754264,-1.866624,346.7596,165.1478,0.272203,RightController
2/16/2017 3:18:36 PM:377,-1.819067,0.7754627,-1.866728,346.7576,165.1376,0.28243,RightController
2/16/2017 3:18:36 PM:418,-1.819278,0.7755502,-1.866623,346.7499,165.1362,0.2639545,RightController
2/16/2017 3:18:36 PM:454,-1.819193,0.7751579,-1.866772,346.7622,165.1406,0.2537017,RightController
2/16/2017 3:18:36 PM:493,-1.819045,0.7751051,-1.866674,346.7558,165.126,0.2861821,RightController
2/16/2017 3:18:36 PM:549,-1.818983,0.7751224,-1.866639,346.7478,165.1371,0.2566131,RightController
2/16/2017 3:18:36 PM:594,-1.819021,0.7754973,-1.866767,346.7625,165.1317,0.2635828,RightController
2/16/2017 3:18:36 PM:630,-1.819028,0.7754256,-1.866835,346.7671,165.1354,0.2546198,RightController
2/16/2017 3:18:36 PM:671,-1.818954,0.7751679,-1.866759,346.7476,165.1409,0.2521783,RightController
2/16/2017 3:18:36 PM:728,-1.818931,0.7753766,-1.866691,346.7516,165.1392,0.2632453,RightController
2/16/2017 3:18:36 PM:776,-1.818994,0.7752441,-1.866705,346.7515,165.1408,0.2628664,RightController
2/16/2017 3:18:36 PM:817,-1.818969,0.7753776,-1.866676,346.7509,165.1396,0.2667164,RightController
2/16/2017 3:18:36 PM:873,-1.818978,0.7752459,-1.86667,346.7465,165.134,0.258849,RightController
2/16/2017 3:18:36 PM:910,-1.819147,0.7753657,-1.866772,346.749,165.1454,0.2552053,RightController
2/16/2017 3:18:36 PM:946,-1.819206,0.7753003,-1.866706,346.7492,165.1488,0.2429078,RightController
2/16/2017 3:18:36 PM:985,-1.819053,0.7753607,-1.866736,346.7456,165.1472,0.2397872,RightController
2/16/2017 3:18:37 PM:41,-1.819134,0.7751402,-1.866798,346.7422,165.1372,0.2505329,RightController
2/16/2017 3:18:37 PM:78,-1.818839,0.7748041,-1.866868,346.7566,165.143,0.2538912,RightController
2/16/2017 3:18:37 PM:119,-1.818926,0.7750227,-1.866638,346.7468,165.1303,0.2657937,RightController
2/16/2017 3:18:37 PM:163,-1.818988,0.7752464,-1.866751,346.7577,165.1282,0.2731427,RightController
2/16/2017 3:18:37 PM:208,-1.819209,0.7752888,-1.86684,346.7531,165.134,0.2659085,RightController
2/16/2017 3:18:37 PM:252,-1.81906,0.7750691,-1.866682,346.7533,165.1375,0.2596691,RightController
2/16/2017 3:18:37 PM:297,-1.81872,0.7749765,-1.866863,346.7654,165.1419,0.2671019,RightController
2/16/2017 3:18:37 PM:331,-1.818834,0.7752423,-1.866834,346.763,165.1479,0.2616304,RightController
2/16/2017 3:18:37 PM:376,-1.818899,0.775142,-1.866868,346.7579,165.1465,0.2498298,RightController
2/16/2017 3:18:37 PM:419,-1.818974,0.7752943,-1.866756,346.7564,165.1465,0.253235,RightController
2/16/2017 3:18:37 PM:455,-1.818796,0.7748979,-1.866776,346.7535,165.1403,0.2563761,RightController
2/16/2017 3:18:37 PM:502,-1.81887,0.7749743,-1.866725,346.7496,165.141,0.2560489,RightController
2/16/2017 3:18:37 PM:565,-1.818876,0.7749791,-1.866803,346.7485,165.1435,0.2499285,RightController
2/16/2017 3:18:37 PM:610,-1.818782,0.7750663,-1.866798,346.7458,165.1392,0.2603687,RightController
2/16/2017 3:18:37 PM:646,-1.818884,0.7748873,-1.866785,346.744,165.1363,0.2583549,RightController
2/16/2017 3:18:37 PM:688,-1.818726,0.7746938,-1.866966,346.7503,165.1379,0.2598033,RightController
2/16/2017 3:18:37 PM:725,-1.818917,0.7750715,-1.866928,346.7477,165.1379,0.2502786,RightController
2/16/2017 3:18:37 PM:766,-1.818925,0.7749403,-1.866744,346.744,165.1353,0.2651754,RightController
2/16/2017 3:18:37 PM:811,-1.818772,0.7748173,-1.867138,346.7505,165.1389,0.2546197,RightController
2/16/2017 3:18:37 PM:848,-1.818638,0.7748967,-1.867038,346.7408,165.1422,0.2397178,RightController
2/16/2017 3:18:37 PM:889,-1.818749,0.7750504,-1.866874,346.7398,165.1505,0.2353829,RightController
2/16/2017 3:18:37 PM:926,-1.818902,0.7750094,-1.866896,346.7345,165.1497,0.2275878,RightController
2/16/2017 3:18:37 PM:967,-1.818751,0.7750149,-1.8669,346.7357,165.1439,0.2416053,RightController
2/16/2017 3:18:38 PM:7,-1.818859,0.7751017,-1.866776,346.7297,165.1463,0.2437958,RightController
2/16/2017 3:18:38 PM:45,-1.818732,0.7747048,-1.866838,346.7355,165.1363,0.2568122,RightController
2/16/2017 3:18:38 PM:101,-1.818855,0.7751126,-1.866791,346.7297,165.1401,0.2472199,RightController
2/16/2017 3:18:38 PM:139,-1.818719,0.774912,-1.866896,346.7402,165.1338,0.2540428,RightController
2/16/2017 3:18:38 PM:181,-1.818901,0.7750468,-1.866961,346.7392,165.1522,0.2213574,RightController
2/16/2017 3:18:38 PM:236,-1.818828,0.7749432,-1.866847,346.7414,165.1451,0.223759,RightController
2/16/2017 3:18:38 PM:271,-1.818914,0.775106,-1.866711,346.7308,165.1407,0.224919,RightController
2/16/2017 3:18:38 PM:313,-1.81881,0.7750229,-1.866812,346.7429,165.1389,0.2249506,RightController
2/16/2017 3:18:38 PM:351,-1.818814,0.7749622,-1.866909,346.7419,165.1413,0.222604,RightController
2/16/2017 3:18:38 PM:393,-1.818746,0.7747251,-1.866965,346.7438,165.1307,0.2377811,RightController
2/16/2017 3:18:38 PM:431,-1.818998,0.7748905,-1.866772,346.7328,165.1317,0.2340685,RightController
2/16/2017 3:18:38 PM:470,-1.818827,0.7748902,-1.866852,346.738,165.131,0.2400443,RightController
2/16/2017 3:18:38 PM:526,-1.818911,0.7750106,-1.86695,346.739,165.1286,0.2501867,RightController
2/16/2017 3:18:38 PM:565,-1.818872,0.7749327,-1.866934,346.7364,165.1282,0.2411848,RightController
2/16/2017 3:18:38 PM:615,-1.818548,0.7746505,-1.867069,346.7389,165.1276,0.2324687,RightController
2/16/2017 3:18:38 PM:671,-1.818877,0.7747048,-1.866908,346.7295,165.126,0.2368271,RightController
2/16/2017 3:18:38 PM:708,-1.818636,0.7749209,-1.86711,346.734,165.1304,0.2399629,RightController
2/16/2017 3:18:38 PM:744,-1.81864,0.7748226,-1.866932,346.7252,165.1301,0.2375934,RightController
2/16/2017 3:18:38 PM:782,-1.818828,0.7749715,-1.866899,346.7328,165.1277,0.2243768,RightController
2/16/2017 3:18:38 PM:839,-1.818751,0.7746334,-1.866863,346.7285,165.1289,0.2400532,RightController
2/16/2017 3:18:38 PM:877,-1.818512,0.774676,-1.867215,346.7392,165.1276,0.2319613,RightController
2/16/2017 3:18:38 PM:917,-1.818567,0.7743692,-1.867083,346.7315,165.1282,0.2214329,RightController
2/16/2017 3:18:38 PM:954,-1.818358,0.7743998,-1.867214,346.7436,165.126,0.2295641,RightController
2/16/2017 3:18:38 PM:995,-1.818663,0.7747297,-1.86704,346.7289,165.1208,0.2442402,RightController
2/16/2017 3:18:39 PM:51,-1.818691,0.7749324,-1.866803,346.7149,165.1255,0.2396647,RightController
2/16/2017 3:18:39 PM:90,-1.818779,0.7749463,-1.866937,346.7254,165.1258,0.2288873,RightController
2/16/2017 3:18:39 PM:128,-1.818756,0.7747211,-1.866703,346.7199,165.1287,0.2322176,RightController
2/16/2017 3:18:39 PM:185,-1.818791,0.7749722,-1.867082,346.739,165.1282,0.2262322,RightController
2/16/2017 3:18:39 PM:224,-1.818967,0.7750006,-1.867056,346.7378,165.1317,0.2115144,RightController
2/16/2017 3:18:39 PM:263,-1.818698,0.7747993,-1.867131,346.7383,165.1315,0.216113,RightController
2/16/2017 3:18:39 PM:308,-1.818669,0.7746649,-1.866923,346.7249,165.129,0.2288564,RightController
2/16/2017 3:18:39 PM:345,-1.81872,0.7745787,-1.867002,346.7239,165.1306,0.2264059,RightController
2/16/2017 3:18:39 PM:387,-1.818645,0.7747438,-1.867001,346.7298,165.1309,0.2362866,RightController
2/16/2017 3:18:39 PM:444,-1.818814,0.7747351,-1.867003,346.7237,165.1262,0.2478664,RightController
2/16/2017 3:18:39 PM:487,-1.818778,0.774629,-1.867021,346.7267,165.1318,0.2400179,RightController
2/16/2017 3:18:39 PM:523,-1.818782,0.7748857,-1.866834,346.7238,165.1272,0.2379082,RightController
2/16/2017 3:18:39 PM:561,-1.818684,0.7750136,-1.866997,346.7304,165.1372,0.2274399,RightController
2/16/2017 3:18:39 PM:599,-1.818606,0.7747002,-1.867128,346.73,165.1353,0.2262555,RightController
2/16/2017 3:18:39 PM:645,-1.818708,0.7747437,-1.866866,346.7192,165.1379,0.2229661,RightController
2/16/2017 3:18:39 PM:689,-1.818751,0.7746298,-1.867034,346.7338,165.1426,0.2093842,RightController
2/16/2017 3:18:39 PM:744,-1.818638,0.7746056,-1.866966,346.7322,165.1472,0.2160003,RightController
2/16/2017 3:18:39 PM:811,-1.818614,0.7745221,-1.867149,346.7301,165.1411,0.2284364,RightController
2/16/2017 3:18:39 PM:852,-1.818698,0.7745926,-1.867083,346.7289,165.1393,0.2409299,RightController
2/16/2017 3:18:39 PM:889,-1.818555,0.7747747,-1.867105,346.7286,165.1363,0.2370186,RightController
2/16/2017 3:18:39 PM:926,-1.818468,0.7746402,-1.866992,346.7309,165.1339,0.2307031,RightController
2/16/2017 3:18:39 PM:967,-1.818419,0.7747008,-1.867061,346.7325,165.1383,0.2164773,RightController
2/16/2017 3:18:40 PM:23,-1.818722,0.7745345,-1.86692,346.7197,165.1423,0.1895101,RightController
2/16/2017 3:18:40 PM:69,-1.818647,0.7745633,-1.867002,346.7232,165.1302,0.2028726,RightController
2/16/2017 3:18:40 PM:112,-1.818525,0.7746321,-1.866996,346.7286,165.1322,0.2058011,RightController
2/16/2017 3:18:40 PM:169,-1.818554,0.7747427,-1.8671,346.7254,165.1313,0.2180217,RightController
2/16/2017 3:18:40 PM:213,-1.818502,0.7746311,-1.866998,346.7234,165.1272,0.2218807,RightController
2/16/2017 3:18:40 PM:258,-1.818453,0.7743348,-1.86694,346.7298,165.1221,0.2167195,RightController
2/16/2017 3:18:40 PM:298,-1.818557,0.7745039,-1.866983,346.7234,165.1247,0.2146797,RightController
2/16/2017 3:18:40 PM:336,-1.81872,0.7747973,-1.866955,346.7222,165.1237,0.2126486,RightController
2/16/2017 3:18:40 PM:374,-1.818612,0.7748364,-1.866976,346.7265,165.1237,0.2193517,RightController
2/16/2017 3:18:40 PM:414,-1.818517,0.7743694,-1.867227,346.7411,165.1257,0.2053874,RightController
2/16/2017 3:18:40 PM:449,-1.818462,0.7744211,-1.867067,346.7278,165.1248,0.2098016,RightController
2/16/2017 3:18:40 PM:494,-1.818414,0.7745237,-1.867167,346.7278,165.1205,0.204454,RightController
2/16/2017 3:18:40 PM:537,-1.818326,0.7744125,-1.867128,346.7157,165.1287,0.2162722,RightController
2/16/2017 3:18:40 PM:574,-1.818482,0.7743319,-1.867158,346.7239,165.1207,0.2144813,RightController
2/16/2017 3:18:40 PM:615,-1.818524,0.7741375,-1.867185,346.7226,165.1184,0.2145851,RightController
2/16/2017 3:18:40 PM:671,-1.818645,0.7744013,-1.867068,346.7136,165.1191,0.2294208,RightController
2/16/2017 3:18:40 PM:711,-1.818534,0.7746049,-1.867093,346.7219,165.1224,0.231024,RightController
2/16/2017 3:18:40 PM:749,-1.818542,0.7743394,-1.867066,346.7204,165.1259,0.2244114,RightController
2/16/2017 3:18:40 PM:787,-1.818583,0.7743621,-1.867069,346.719,165.1288,0.2098396,RightController
2/16/2017 3:18:40 PM:833,-1.818459,0.774544,-1.867061,346.7213,165.1373,0.2130174,RightController
2/16/2017 3:18:40 PM:895,-1.818568,0.774435,-1.867296,346.7281,165.1394,0.2005089,RightController
2/16/2017 3:18:40 PM:950,-1.818603,0.7746304,-1.867218,346.7149,165.143,0.1848551,RightController
2/16/2017 3:18:40 PM:998,-1.818324,0.7743077,-1.867054,346.7112,165.1381,0.2078476,RightController
2/16/2017 3:18:41 PM:51,-1.81857,0.7741841,-1.867118,346.7081,165.1188,0.2117603,RightController
2/16/2017 3:18:41 PM:107,-1.818461,0.7742205,-1.867108,346.7088,165.1205,0.2180643,RightController
2/16/2017 3:18:41 PM:155,-1.818433,0.7743125,-1.867148,346.7169,165.1222,0.2054853,RightController
2/16/2017 3:18:41 PM:196,-1.818462,0.7744603,-1.8671,346.7211,165.1202,0.2137232,RightController
2/16/2017 3:18:41 PM:241,-1.818641,0.774491,-1.867018,346.7073,165.1192,0.2068259,RightController
2/16/2017 3:18:41 PM:278,-1.818501,0.7740873,-1.867244,346.7195,165.1313,0.2077472,RightController
2/16/2017 3:18:41 PM:320,-1.818481,0.7744309,-1.867036,346.7185,165.1199,0.1991237,RightController
2/16/2017 3:18:41 PM:354,-1.818535,0.774557,-1.867221,346.7262,165.1344,0.1996311,RightController
2/16/2017 3:18:41 PM:389,-1.818349,0.774251,-1.86721,346.7184,165.128,0.195004,RightController
2/16/2017 3:18:41 PM:422,-1.818225,0.7739755,-1.867487,346.729,165.1235,0.1979215,RightController
2/16/2017 3:18:41 PM:464,-1.81842,0.77408,-1.867343,346.7209,165.1289,0.1942883,RightController
2/16/2017 3:18:41 PM:520,-1.818225,0.7739749,-1.867419,346.7238,165.1266,0.2025611,RightController
2/16/2017 3:18:41 PM:556,-1.818336,0.7741177,-1.867291,346.7151,165.1241,0.1994635,RightController
2/16/2017 3:18:41 PM:590,-1.818224,0.7742178,-1.867195,346.7159,165.1252,0.1942797,RightController
2/16/2017 3:18:41 PM:625,-1.818403,0.7743504,-1.867331,346.7174,165.1321,0.1878125,RightController
2/16/2017 3:18:41 PM:659,-1.818492,0.7744929,-1.867132,346.7032,165.1335,0.1808919,RightController
2/16/2017 3:18:41 PM:692,-1.818423,0.7743589,-1.86728,346.7126,165.1375,0.1823668,RightController
2/16/2017 3:18:41 PM:734,-1.818331,0.7743789,-1.867256,346.7073,165.1352,0.1836551,RightController
2/16/2017 3:18:41 PM:773,-1.818729,0.7743661,-1.866961,346.7015,165.1332,0.1753513,RightController
2/16/2017 3:18:41 PM:810,-1.818534,0.7743706,-1.867112,346.7072,165.1342,0.183445,RightController
2/16/2017 3:18:41 PM:845,-1.818687,0.7743627,-1.867061,346.7083,165.1344,0.1874959,RightController
2/16/2017 3:18:41 PM:879,-1.81853,0.7740949,-1.867166,346.7201,165.122,0.2056838,RightController
2/16/2017 3:18:41 PM:922,-1.818185,0.7739547,-1.867383,346.7256,165.127,0.2041136,RightController
2/16/2017 3:18:41 PM:978,-1.818463,0.7742476,-1.867225,346.7209,165.1273,0.2044315,RightController
2/16/2017 3:18:42 PM:14,-1.818446,0.7741482,-1.867162,346.7148,165.1262,0.2002458,RightController
2/16/2017 3:18:42 PM:56,-1.818493,0.7743573,-1.866987,346.7081,165.1315,0.18541,RightController
2/16/2017 3:18:42 PM:100,-1.818326,0.7739733,-1.867038,346.7173,165.1206,0.2018081,RightController
2/16/2017 3:18:42 PM:145,-1.818533,0.7743405,-1.867176,346.7234,165.1311,0.1811823,RightController
2/16/2017 3:18:42 PM:190,-1.818398,0.7741376,-1.86731,346.7295,165.1212,0.1862777,RightController
2/16/2017 3:18:42 PM:235,-1.818375,0.7743618,-1.867218,346.7167,165.135,0.1860125,RightController
2/16/2017 3:18:42 PM:279,-1.818348,0.7743366,-1.867175,346.718,165.1329,0.1853065,RightController
2/16/2017 3:18:42 PM:324,-1.818403,0.7743804,-1.867378,346.721,165.1322,0.1851181,RightController
2/16/2017 3:18:42 PM:382,-1.81813,0.7738662,-1.867259,346.7161,165.1204,0.1981368,RightController
2/16/2017 3:18:42 PM:425,-1.818289,0.7737516,-1.867417,346.723,165.1266,0.1901293,RightController
2/16/2017 3:18:42 PM:463,-1.818193,0.7741487,-1.867344,346.7177,165.1251,0.1950986,RightController
2/16/2017 3:18:42 PM:502,-1.818451,0.7739811,-1.867351,346.7141,165.1212,0.1949728,RightController
2/16/2017 3:18:42 PM:541,-1.818399,0.7741079,-1.867474,346.7202,165.1207,0.1909821,RightController
2/16/2017 3:18:42 PM:582,-1.818343,0.7744013,-1.867147,346.7111,165.1168,0.1955599,RightController
2/16/2017 3:18:42 PM:617,-1.818443,0.7742041,-1.867375,346.7128,165.1264,0.1746601,RightController
2/16/2017 3:18:42 PM:653,-1.818348,0.774363,-1.867231,346.7146,165.1274,0.1710376,RightController
2/16/2017 3:18:42 PM:692,-1.818272,0.774416,-1.867412,346.7198,165.1241,0.1819468,RightController
2/16/2017 3:18:42 PM:748,-1.818461,0.7743498,-1.867152,346.7042,165.1234,0.1884119,RightController
2/16/2017 3:18:42 PM:783,-1.818305,0.7742883,-1.867242,346.7118,165.1248,0.2020445,RightController
2/16/2017 3:18:42 PM:815,-1.818499,0.7741102,-1.867237,346.7095,165.1188,0.1900034,RightController
2/16/2017 3:18:42 PM:849,-1.818075,0.7739234,-1.867543,346.7196,165.1217,0.2000024,RightController
2/16/2017 3:18:42 PM:883,-1.818295,0.7740744,-1.867344,346.7125,165.1289,0.1835165,RightController
2/16/2017 3:18:42 PM:916,-1.818212,0.7739712,-1.867254,346.7053,165.1208,0.1868331,RightController
2/16/2017 3:18:42 PM:953,-1.818386,0.7742125,-1.867571,346.716,165.1229,0.1793538,RightController
2/16/2017 3:18:42 PM:989,-1.81836,0.774161,-1.867224,346.7029,165.1169,0.1798299,RightController
2/16/2017 3:18:43 PM:22,-1.818106,0.7740331,-1.867527,346.7127,165.1196,0.1755412,RightController
2/16/2017 3:18:43 PM:54,-1.818108,0.7738957,-1.86758,346.7121,165.1233,0.1789162,RightController
2/16/2017 3:18:43 PM:85,-1.818414,0.7741361,-1.86727,346.7033,165.12,0.180516,RightController
2/16/2017 3:18:43 PM:120,-1.818517,0.7743706,-1.86693,346.6904,165.1216,0.1931526,RightController
2/16/2017 3:18:43 PM:152,-1.818401,0.7744113,-1.867235,346.7074,165.1273,0.1937762,RightController
2/16/2017 3:18:43 PM:187,-1.818315,0.7742655,-1.867277,346.7181,165.1228,0.2028979,RightController
2/16/2017 3:18:43 PM:222,-1.81816,0.7740164,-1.867475,346.7203,165.1223,0.1882444,RightController
2/16/2017 3:18:43 PM:256,-1.818252,0.774212,-1.867467,346.7221,165.1251,0.1904154,RightController
2/16/2017 3:18:43 PM:289,-1.818313,0.7740601,-1.867312,346.705,165.1299,0.1832042,RightController
2/16/2017 3:18:43 PM:323,-1.818335,0.7737786,-1.867347,346.7143,165.1326,0.1718902,RightController
2/16/2017 3:18:43 PM:357,-1.818386,0.773958,-1.867354,346.7133,165.1347,0.1767823,RightController
2/16/2017 3:18:43 PM:390,-1.818276,0.7740949,-1.867311,346.7076,165.1292,0.1765607,RightController
2/16/2017 3:18:43 PM:429,-1.818196,0.7737794,-1.867485,346.7199,165.131,0.1884631,RightController
2/16/2017 3:18:43 PM:463,-1.818045,0.7740682,-1.867491,346.7182,165.1271,0.1963699,RightController
2/16/2017 3:18:43 PM:499,-1.81818,0.7742389,-1.867386,346.7052,165.1284,0.1958177,RightController
2/16/2017 3:18:43 PM:593,-1.818485,0.7740837,-1.867249,346.702,165.1248,0.1813563,RightController
2/16/2017 3:18:43 PM:627,-1.818329,0.774184,-1.867166,346.6996,165.1254,0.1825023,RightController
2/16/2017 3:18:43 PM:673,-1.818051,0.7739199,-1.867364,346.7123,165.1331,0.1732363,RightController
2/16/2017 3:18:43 PM:706,-1.818282,0.7739894,-1.867349,346.7078,165.133,0.1768743,RightController
2/16/2017 3:18:43 PM:742,-1.8183,0.7741431,-1.867428,346.7076,165.1407,0.1790281,RightController
2/16/2017 3:18:43 PM:783,-1.818191,0.7737658,-1.867362,346.7084,165.1343,0.1859435,RightController
2/16/2017 3:18:43 PM:821,-1.818258,0.7740828,-1.86722,346.6992,165.1281,0.1837894,RightController
2/16/2017 3:18:43 PM:861,-1.818528,0.773887,-1.867184,346.6976,165.13,0.1670544,RightController
2/16/2017 3:18:43 PM:917,-1.817954,0.7738996,-1.867492,346.7136,165.1029,0.2701223,RightController
2/16/2017 3:18:43 PM:956,-1.818271,0.7739642,-1.867417,346.7086,165.1107,0.2277986,RightController
2/16/2017 3:18:43 PM:995,-1.818315,0.7739922,-1.867295,346.7097,165.118,0.2006241,RightController
2/16/2017 3:18:44 PM:51,-1.818432,0.7738705,-1.867251,346.705,165.1118,0.2098361,RightController
2/16/2017 3:18:44 PM:85,-1.818436,0.7739605,-1.867277,346.7032,165.1229,0.1589255,RightController
2/16/2017 3:18:44 PM:133,-1.818403,0.7738893,-1.867422,346.7024,165.1272,0.1477512,RightController
2/16/2017 3:18:44 PM:168,-1.818254,0.7739124,-1.867415,346.7088,165.1411,0.1157866,RightController
2/16/2017 3:18:44 PM:207,-1.818501,0.7740532,-1.867541,346.7069,165.1364,0.09343345,RightController
2/16/2017 3:18:44 PM:263,-1.818786,0.774195,-1.867056,346.6917,165.1416,0.130923,RightController
2/16/2017 3:18:44 PM:300,-1.818451,0.7742221,-1.867158,346.6979,165.136,0.1483155,RightController
2/16/2017 3:18:44 PM:341,-1.818196,0.7740902,-1.867396,346.7126,165.1272,0.1959812,RightController
2/16/2017 3:18:44 PM:378,-1.818159,0.7736586,-1.867507,346.7101,165.1245,0.2044538,RightController
2/16/2017 3:18:44 PM:420,-1.818047,0.7735966,-1.86774,346.7167,165.1146,0.2290739,RightController
2/16/2017 3:18:44 PM:457,-1.817822,0.7735534,-1.867591,346.7129,165.1118,0.2279668,RightController
2/16/2017 3:18:44 PM:492,-1.818062,0.7738026,-1.867418,346.7079,165.123,0.1694799,RightController
2/16/2017 3:18:44 PM:531,-1.824439,0.7738158,-1.869755,346.7121,166.5914,353.886,RightController
2/16/2017 3:18:44 PM:587,-1.831015,0.7744029,-1.871891,346.666,168.0384,348.0061,RightController
2/16/2017 3:18:44 PM:621,-1.83261,0.7746685,-1.872475,346.6279,168.3824,346.7876,RightController
2/16/2017 3:18:44 PM:658,-1.834076,0.7745855,-1.872756,346.6261,168.7603,345.4777,RightController
2/16/2017 3:18:44 PM:692,-1.834935,0.7741172,-1.872828,346.6385,168.9579,344.6754,RightController
2/16/2017 3:18:44 PM:733,-1.835461,0.7735981,-1.873175,346.6619,169.1373,344.0365,RightController
2/16/2017 3:18:44 PM:788,-1.831473,0.7734166,-1.872525,346.7066,168.392,347.3263,RightController
2/16/2017 3:18:44 PM:826,-1.831094,0.7729678,-1.871378,346.7049,168.3702,347.468,RightController
2/16/2017 3:18:44 PM:867,-1.83152,0.7733707,-1.870381,346.6933,168.7214,347.3871,RightController
2/16/2017 3:18:44 PM:904,-1.832121,0.7736764,-1.870423,346.6828,168.9894,347.1963,RightController
2/16/2017 3:18:44 PM:946,-1.831156,0.7739872,-1.870196,346.7084,168.7378,347.9673,RightController
2/16/2017 3:18:45 PM:12,-1.830001,0.7730314,-1.86984,346.719,168.4128,349.5701,RightController
2/16/2017 3:18:45 PM:68,-1.826396,0.7735366,-1.869444,346.735,167.7829,352.2456,RightController
2/16/2017 3:18:45 PM:112,-1.824797,0.7737432,-1.869204,346.7364,167.395,353.8368,RightController
2/16/2017 3:18:45 PM:148,-1.823197,0.7733948,-1.868973,346.7523,167.1361,354.9554,RightController
2/16/2017 3:18:45 PM:190,-1.821285,0.773481,-1.868311,346.7651,166.6654,356.8834,RightController
2/16/2017 3:18:45 PM:230,-1.820255,0.7737426,-1.868192,346.777,166.4578,357.7568,RightController
2/16/2017 3:18:45 PM:270,-1.819711,0.7736509,-1.867965,346.787,166.3085,358.2935,RightController
2/16/2017 3:18:45 PM:325,-1.817482,0.7735953,-1.867395,346.7941,165.7976,0.4395356,RightController
2/16/2017 3:18:45 PM:363,-1.817088,0.7736214,-1.867277,346.7976,165.6705,0.8674878,RightController
2/16/2017 3:18:45 PM:402,-1.817856,0.773432,-1.867474,346.7957,165.8821,359.9056,RightController
2/16/2017 3:18:45 PM:459,-1.819015,0.7734909,-1.868313,346.8099,166.1723,358.6517,RightController
2/16/2017 3:18:45 PM:496,-1.818456,0.7735872,-1.867755,346.7906,166.0254,359.2672,RightController
2/16/2017 3:18:45 PM:530,-1.818062,0.773672,-1.867585,346.7934,165.8579,359.9372,RightController
2/16/2017 3:18:45 PM:581,-1.817483,0.7732208,-1.867432,346.7928,165.7686,0.2897307,RightController
2/16/2017 3:18:45 PM:619,-1.818496,0.7734913,-1.867475,346.7893,165.9627,359.4359,RightController
2/16/2017 3:18:45 PM:654,-1.819387,0.7736886,-1.867956,346.7945,166.1321,358.6946,RightController
2/16/2017 3:18:45 PM:692,-1.819937,0.7737988,-1.867906,346.7785,166.2414,358.2296,RightController
2/16/2017 3:18:45 PM:731,-1.820378,0.7735895,-1.86829,346.7784,166.3787,357.6825,RightController
2/16/2017 3:18:45 PM:765,-1.820698,0.7736664,-1.868252,346.7718,166.4337,357.4132,RightController
2/16/2017 3:18:45 PM:802,-1.821183,0.7737268,-1.868383,346.7637,166.5141,357.0887,RightController
2/16/2017 3:18:45 PM:836,-1.820981,0.773632,-1.868527,346.7686,166.5289,357.0266,RightController
2/16/2017 3:18:45 PM:876,-1.821036,0.7736553,-1.868369,346.7519,166.5469,356.952,RightController
2/16/2017 3:18:45 PM:913,-1.820954,0.7738142,-1.86844,346.757,166.4029,357.1828,RightController
2/16/2017 3:18:45 PM:946,-1.819934,0.7735136,-1.868849,346.7719,166.0032,359.0342,RightController
2/16/2017 3:18:45 PM:987,-1.818744,0.7732769,-1.869492,346.7878,165.788,3.501755,RightController
2/16/2017 3:18:46 PM:21,-1.818602,0.773242,-1.870094,346.8224,165.5966,5.699831,RightController
2/16/2017 3:18:46 PM:55,-1.819707,0.7734129,-1.870539,346.8095,165.8607,3.741502,RightController
2/16/2017 3:18:46 PM:89,-1.819767,0.773469,-1.870736,346.7877,165.9388,3.767163,RightController
2/16/2017 3:18:46 PM:126,-1.818946,0.7733767,-1.870777,346.7901,165.7592,4.346677,RightController
2/16/2017 3:18:46 PM:158,-1.819134,0.7735672,-1.870649,346.7842,165.7448,4.288198,RightController
2/16/2017 3:18:46 PM:192,-1.819144,0.7735512,-1.870871,346.7682,165.8001,3.655236,RightController
2/16/2017 3:18:46 PM:225,-1.818877,0.773217,-1.871219,346.7609,165.775,3.217057,RightController
2/16/2017 3:18:46 PM:258,-1.818833,0.7732151,-1.871323,346.7575,165.8622,2.803646,RightController
2/16/2017 3:18:46 PM:294,-1.81936,0.7732964,-1.872135,346.7375,166.2876,1.454999,RightController
2/16/2017 3:18:46 PM:328,-1.819988,0.773029,-1.87271,346.7404,166.5515,0.5199643,RightController
2/16/2017 3:18:46 PM:379,-1.819605,0.7730794,-1.872356,346.7131,166.4728,1.027961,RightController
2/16/2017 3:18:46 PM:415,-1.819619,0.773234,-1.872301,346.6882,166.5416,0.9942283,RightController
2/16/2017 3:18:46 PM:451,-1.819976,0.7734277,-1.872236,346.6643,166.6594,0.7489976,RightController
2/16/2017 3:18:46 PM:485,-1.819679,0.7735685,-1.872539,346.6694,166.6852,0.7712236,RightController
2/16/2017 3:18:46 PM:535,-1.819846,0.7725259,-1.87243,346.6309,166.9136,0.5147146,RightController
2/16/2017 3:18:46 PM:602,-1.819408,0.7728829,-1.872466,346.6126,166.8371,0.7206809,RightController
2/16/2017 3:18:46 PM:646,-1.819284,0.7728348,-1.872698,346.6085,166.8724,0.585534,RightController
2/16/2017 3:18:46 PM:690,-1.819305,0.7730677,-1.87256,346.5773,166.7989,0.8889367,RightController
2/16/2017 3:18:46 PM:726,-1.819194,0.7729824,-1.872209,346.5633,166.7627,1.026863,RightController
2/16/2017 3:18:46 PM:768,-1.818943,0.7732457,-1.872094,346.5461,166.6932,1.324476,RightController
2/16/2017 3:18:46 PM:825,-1.818195,0.7732052,-1.871984,346.5612,166.421,0.7776805,RightController
2/16/2017 3:18:46 PM:861,-1.817913,0.7729108,-1.872397,346.5688,166.5725,359.6446,RightController
2/16/2017 3:18:46 PM:895,-1.818456,0.7731646,-1.871813,346.5438,166.7036,358.7625,RightController
2/16/2017 3:18:46 PM:936,-1.818627,0.7734334,-1.871809,346.5383,166.7886,359.1456,RightController
2/16/2017 3:18:46 PM:971,-1.818388,0.7730807,-1.872255,346.5546,166.7865,359.1637,RightController
2/16/2017 3:18:47 PM:14,-1.818274,0.7731669,-1.87221,346.5605,166.7567,359.2649,RightController
2/16/2017 3:18:47 PM:51,-1.818191,0.772989,-1.872399,346.5617,166.7466,359.342,RightController
2/16/2017 3:18:47 PM:93,-1.818226,0.7733992,-1.872028,346.5471,166.6986,359.5544,RightController
2/16/2017 3:18:47 PM:150,-1.817672,0.7730237,-1.872207,346.5504,166.676,359.6698,RightController
2/16/2017 3:18:47 PM:193,-1.817402,0.773146,-1.872219,346.5556,166.6416,359.8943,RightController
2/16/2017 3:18:47 PM:230,-1.817468,0.7729441,-1.872268,346.5428,166.6364,359.9068,RightController
2/16/2017 3:18:47 PM:271,-1.817762,0.7727898,-1.872285,346.54,166.6597,359.7844,RightController
2/16/2017 3:18:47 PM:305,-1.817839,0.7731407,-1.871987,346.524,166.6615,359.7383,RightController
2/16/2017 3:18:47 PM:342,-1.817359,0.7730825,-1.872052,346.5318,166.6024,0.01292854,RightController
2/16/2017 3:18:47 PM:383,-1.815607,0.7732106,-1.871537,346.5353,166.2341,1.598008,RightController
2/16/2017 3:18:47 PM:420,-1.815346,0.7730095,-1.871537,346.5424,166.1838,1.761586,RightController
2/16/2017 3:18:47 PM:461,-1.815703,0.7728375,-1.871629,346.5513,166.2153,1.525936,RightController
2/16/2017 3:18:47 PM:506,-1.816379,0.7729088,-1.872255,346.5546,166.4365,0.5517727,RightController
2/16/2017 3:18:47 PM:544,-1.816289,0.7727644,-1.871972,346.5152,166.5649,359.6881,RightController
2/16/2017 3:18:47 PM:578,-1.817723,0.7725377,-1.872128,346.5504,166.7657,358.4646,RightController
2/16/2017 3:18:47 PM:617,-1.817143,0.7725554,-1.872079,346.5483,166.6482,358.8402,RightController
2/16/2017 3:18:47 PM:674,-1.816997,0.77273,-1.871906,346.5406,166.6129,359.066,RightController
2/16/2017 3:18:47 PM:710,-1.816983,0.772686,-1.872117,346.5486,166.6596,358.8881,RightController
2/16/2017 3:18:47 PM:748,-1.81718,0.7731003,-1.871898,346.5261,166.659,358.8999,RightController
2/16/2017 3:18:47 PM:786,-1.817421,0.7730862,-1.871954,346.5259,166.6857,358.809,RightController
2/16/2017 3:18:47 PM:841,-1.817484,0.7728384,-1.872158,346.6352,166.6838,358.7939,RightController
2/16/2017 3:18:47 PM:878,-1.817771,0.7731693,-1.872389,346.5397,166.819,358.2948,RightController
2/16/2017 3:18:47 PM:910,-1.817386,0.7728351,-1.872234,346.5246,166.7758,358.4658,RightController
2/16/2017 3:18:47 PM:944,-1.816689,0.7727193,-1.872063,346.5306,166.6096,359.156,RightController
2/16/2017 3:18:47 PM:980,-1.81609,0.7728069,-1.871864,346.5344,166.4559,359.798,RightController
2/16/2017 3:18:48 PM:21,-1.815784,0.772768,-1.871952,346.5339,166.4251,359.9322,RightController
2/16/2017 3:18:48 PM:53,-1.816482,0.7727998,-1.872023,346.5253,166.5487,359.4082,RightController
2/16/2017 3:18:48 PM:87,-1.816711,0.7730902,-1.871977,346.5191,166.5496,359.3811,RightController
2/16/2017 3:18:48 PM:124,-1.8167,0.772866,-1.871851,346.5077,166.5586,359.2933,RightController
2/16/2017 3:18:48 PM:159,-1.816937,0.7729368,-1.871912,346.5069,166.6234,359.0456,RightController
2/16/2017 3:18:48 PM:192,-1.816937,0.772691,-1.872134,346.5113,166.6301,359.0053,RightController
2/16/2017 3:18:48 PM:225,-1.816966,0.7727592,-1.872227,346.511,166.6775,358.8557,RightController
2/16/2017 3:18:48 PM:260,-1.815887,0.7729716,-1.871755,346.5009,166.3053,359.3556,RightController
2/16/2017 3:18:48 PM:299,-1.813892,0.7728766,-1.871434,346.5391,165.3232,357.0212,RightController
2/16/2017 3:18:48 PM:332,-1.814749,0.773109,-1.871428,346.514,165.7254,357.8391,RightController
2/16/2017 3:18:48 PM:369,-1.815348,0.7732937,-1.871658,346.5097,165.7543,357.7166,RightController
2/16/2017 3:18:48 PM:402,-1.815447,0.7729782,-1.871854,346.5155,165.8256,357.4669,RightController
2/16/2017 3:18:48 PM:434,-1.816146,0.7728801,-1.87176,346.4812,166.0437,357.5885,RightController
2/16/2017 3:18:48 PM:467,-1.816105,0.7725849,-1.871796,346.482,166.1061,357.8131,RightController
2/16/2017 3:18:48 PM:503,-1.815723,0.7725703,-1.871486,346.4865,166.0163,357.8719,RightController
2/16/2017 3:18:48 PM:538,-1.815588,0.7727885,-1.871359,346.4865,166.0083,357.9262,RightController
2/16/2017 3:18:48 PM:575,-1.815537,0.7728899,-1.871549,346.4881,165.987,358.0051,RightController
2/16/2017 3:18:48 PM:612,-1.815784,0.7727581,-1.871764,346.4986,166.0005,357.9484,RightController
2/16/2017 3:18:48 PM:702,-1.815354,0.7728484,-1.87161,346.4934,165.9584,358.1148,RightController
2/16/2017 3:18:48 PM:757,-1.81552,0.772928,-1.871789,346.5153,165.9602,358.0992,RightController
2/16/2017 3:18:48 PM:794,-1.815151,0.7727361,-1.8717,346.5189,165.9268,358.2549,RightController
2/16/2017 3:18:48 PM:836,-1.814903,0.7726748,-1.871714,346.5666,165.8908,358.4082,RightController
2/16/2017 3:18:48 PM:872,-1.814451,0.7724307,-1.871669,346.5841,165.7752,358.8818,RightController
2/16/2017 3:18:48 PM:913,-1.815024,0.7726127,-1.871981,346.5718,166.1541,358.0638,RightController
2/16/2017 3:18:48 PM:950,-1.815172,0.7730198,-1.871565,346.5581,166.1198,358.1647,RightController
2/16/2017 3:18:48 PM:987,-1.815218,0.7728064,-1.871598,346.5575,166.1321,358.1026,RightController
2/16/2017 3:18:49 PM:30,-1.815217,0.7725813,-1.871498,346.555,166.1301,358.0598,RightController
2/16/2017 3:18:49 PM:82,-1.814789,0.7722987,-1.871942,346.5472,166.1106,358.2234,RightController
2/16/2017 3:18:49 PM:149,-1.815149,0.7725482,-1.871855,346.5185,166.1247,358.171,RightController
2/16/2017 3:18:49 PM:188,-1.815159,0.7725738,-1.871739,346.5067,166.1423,358.0827,RightController
2/16/2017 3:18:49 PM:227,-1.815436,0.7726544,-1.871582,346.503,166.1358,358.0865,RightController
2/16/2017 3:18:49 PM:283,-1.815562,0.7728269,-1.871493,346.4675,166.1429,358.0703,RightController
2/16/2017 3:18:49 PM:317,-1.815127,0.772579,-1.871675,346.4803,166.1312,358.1061,RightController
2/16/2017 3:18:49 PM:351,-1.815378,0.7727916,-1.871572,346.4683,166.1444,358.0679,RightController
2/16/2017 3:18:49 PM:383,-1.815507,0.7730818,-1.871415,346.463,166.1262,358.086,RightController
2/16/2017 3:18:49 PM:421,-1.815276,0.7727183,-1.871744,346.477,166.133,358.0369,RightController
2/16/2017 3:18:49 PM:454,-1.815501,0.7728363,-1.871914,346.5338,166.0978,358.1517,RightController
2/16/2017 3:18:49 PM:495,-1.815543,0.7730306,-1.871743,346.4921,166.078,358.1814,RightController
2/16/2017 3:18:49 PM:539,-1.815328,0.7733392,-1.871626,346.4473,166.0366,358.3059,RightController
2/16/2017 3:18:49 PM:588,-1.8155,0.7732608,-1.87186,346.4537,166.0296,358.3128,RightController
2/16/2017 3:18:49 PM:685,-1.814917,0.7726624,-1.871817,346.4772,165.974,358.4937,RightController
2/16/2017 3:18:49 PM:741,-1.814576,0.7724893,-1.87196,346.4825,165.9207,358.8558,RightController
2/16/2017 3:18:49 PM:774,-1.814761,0.7725272,-1.872002,346.4863,166.0202,358.6245,RightController
2/16/2017 3:18:49 PM:809,-1.8155,0.7727906,-1.872046,346.4717,166.1898,358.0747,RightController
2/16/2017 3:18:49 PM:841,-1.815304,0.7730502,-1.872222,346.4677,166.2872,358.4495,RightController
2/16/2017 3:18:49 PM:878,-1.815127,0.7727008,-1.872208,346.4599,166.3753,358.8463,RightController
2/16/2017 3:18:49 PM:919,-1.815176,0.7729701,-1.872231,346.4579,166.2927,358.7807,RightController
2/16/2017 3:18:49 PM:957,-1.815155,0.7729207,-1.872159,346.4597,166.3184,358.6126,RightController
2/16/2017 3:18:49 PM:997,-1.815604,0.772999,-1.871957,346.4315,166.2511,358.0317,RightController
2/16/2017 3:18:50 PM:36,-1.815628,0.7725848,-1.872219,346.4453,166.32,357.8876,RightController
2/16/2017 3:18:50 PM:76,-1.815016,0.7728097,-1.872306,346.4505,166.2762,358.1172,RightController
2/16/2017 3:18:50 PM:131,-1.815176,0.7729295,-1.872072,346.4513,166.2415,358.2891,RightController
2/16/2017 3:18:50 PM:176,-1.814992,0.7728137,-1.872114,346.4473,166.1839,358.5509,RightController
2/16/2017 3:18:50 PM:232,-1.814944,0.7730827,-1.872245,346.4553,166.2417,358.3456,RightController
2/16/2017 3:18:50 PM:269,-1.814861,0.7728355,-1.872232,346.4612,166.2284,358.388,RightController
2/16/2017 3:18:50 PM:310,-1.814513,0.7731352,-1.871864,346.4429,166.1141,358.927,RightController
2/16/2017 3:18:50 PM:349,-1.81409,0.7731462,-1.871768,346.4576,165.9956,359.3775,RightController
2/16/2017 3:18:50 PM:388,-1.813092,0.7731223,-1.872339,346.4616,165.8433,0.5263815,RightController
2/16/2017 3:18:50 PM:426,-1.811439,0.7725902,-1.873171,346.486,165.6987,2.081136,RightController
2/16/2017 3:18:50 PM:462,-1.809353,0.7725434,-1.873979,346.5223,165.669,4.822464,RightController
2/16/2017 3:18:50 PM:501,-1.80779,0.7730103,-1.875649,346.5973,166.0924,6.241932,RightController
2/16/2017 3:18:50 PM:557,-1.804163,0.7718809,-1.878313,346.6101,168.0762,12.312,RightController
2/16/2017 3:18:50 PM:602,-1.802862,0.7710278,-1.877596,346.6707,167.9401,16.94385,RightController
2/16/2017 3:18:50 PM:657,-1.800002,0.7702512,-1.877067,346.7223,167.344,18.90921,RightController
2/16/2017 3:18:50 PM:702,-1.803874,0.7715583,-1.877217,346.6064,168.0403,15.38892,RightController
2/16/2017 3:18:50 PM:746,-1.808446,0.7721556,-1.877795,346.5304,168.8663,11.4308,RightController
2/16/2017 3:18:50 PM:785,-1.811611,0.7726754,-1.878473,346.4636,169.6749,7.50913,RightController
2/16/2017 3:18:50 PM:824,-1.815101,0.7733219,-1.879295,346.3126,171.8071,1.289184,RightController
2/16/2017 3:18:50 PM:858,-1.818098,0.7744671,-1.879292,346.3432,171.7758,357.8451,RightController
2/16/2017 3:18:50 PM:896,-1.8217,0.7739588,-1.879662,346.356,172.6358,355.2377,RightController
2/16/2017 3:18:50 PM:936,-1.824371,0.7731071,-1.88085,346.3497,173.2819,352.6417,RightController
2/16/2017 3:18:50 PM:980,-1.824605,0.7727422,-1.881279,346.3572,173.3862,352.1803,RightController
2/16/2017 3:18:51 PM:37,-1.822902,0.7728084,-1.881058,346.3601,173.0272,353.7471,RightController
2/16/2017 3:18:51 PM:73,-1.82095,0.7727047,-1.880812,346.3733,172.6326,355.3937,RightController
2/16/2017 3:18:51 PM:115,-1.817759,0.7727149,-1.88018,346.4073,171.8992,358.5261,RightController
2/16/2017 3:18:51 PM:152,-1.814688,0.7727575,-1.879808,346.4274,171.2215,1.374056,RightController
2/16/2017 3:18:51 PM:193,-1.811937,0.7726372,-1.879404,346.4926,170.5859,3.942054,RightController
2/16/2017 3:18:51 PM:249,-1.814133,0.7730845,-1.880614,346.3864,171.8193,0.8945544,RightController
2/16/2017 3:18:51 PM:288,-1.815899,0.7723949,-1.882018,346.3533,172.6395,359.1347,RightController
2/16/2017 3:18:51 PM:327,-1.817218,0.7721604,-1.884084,346.3593,173.7315,357.582,RightController
2/16/2017 3:18:51 PM:360,-1.816873,0.7721642,-1.884447,346.3888,173.6348,357.6256,RightController
2/16/2017 3:18:51 PM:394,-1.816239,0.7723355,-1.88452,346.3887,173.5076,357.9235,RightController
2/16/2017 3:18:51 PM:428,-1.81604,0.7723165,-1.884038,346.356,173.4574,358.1003,RightController
2/16/2017 3:18:51 PM:461,-1.815822,0.7725278,-1.883911,346.3563,173.3859,358.3911,RightController
2/16/2017 3:18:51 PM:494,-1.815595,0.772649,-1.88398,346.3561,173.2846,358.7863,RightController
2/16/2017 3:18:51 PM:528,-1.815156,0.7725604,-1.883966,346.3656,173.1969,359.1196,RightController
2/16/2017 3:18:51 PM:561,-1.814978,0.7723621,-1.88388,346.3622,173.1461,359.3238,RightController
2/16/2017 3:18:51 PM:595,-1.816152,0.7723403,-1.883885,346.3594,173.3509,358.4359,RightController
2/16/2017 3:18:51 PM:629,-1.817991,0.7727103,-1.884177,346.3654,173.7591,356.7191,RightController
2/16/2017 3:18:51 PM:662,-1.817647,0.7726425,-1.884166,346.3654,173.6732,357.0907,RightController
2/16/2017 3:18:51 PM:697,-1.816123,0.7727815,-1.883771,346.3711,173.3422,358.4759,RightController
2/16/2017 3:18:51 PM:733,-1.814153,0.7724785,-1.883745,346.3948,172.9716,0.2380062,RightController
2/16/2017 3:18:51 PM:765,-1.812843,0.7723156,-1.883114,346.3986,172.8521,1.317153,RightController
2/16/2017 3:18:51 PM:799,-1.813545,0.7723993,-1.883242,346.3957,173.0233,0.5502402,RightController
2/16/2017 3:18:51 PM:831,-1.814935,0.7722963,-1.883192,346.3494,174.0206,358.3555,RightController
2/16/2017 3:18:51 PM:864,-1.812945,0.7724018,-1.882991,346.342,174.334,359.9211,RightController
2/16/2017 3:18:51 PM:897,-1.807447,0.7717636,-1.882642,346.4239,174.3614,4.086152,RightController
2/16/2017 3:18:51 PM:930,-1.810317,0.7719401,-1.88336,346.3857,175.2559,1.866019,RightController
2/16/2017 3:18:51 PM:963,-1.812645,0.7726338,-1.883926,346.3107,175.6787,0.5388837,RightController
2/16/2017 3:18:51 PM:999,-1.814187,0.7731146,-1.88535,346.2579,176.3785,358.5029,RightController
2/16/2017 3:18:52 PM:34,-1.815019,0.7727191,-1.886095,346.2751,177.0522,357.7167,RightController
2/16/2017 3:18:52 PM:75,-1.812961,0.772401,-1.886423,346.2618,177.1475,359.8346,RightController
2/16/2017 3:18:52 PM:131,-1.811486,0.7723792,-1.885831,346.3375,177.1559,1.096019,RightController
2/16/2017 3:18:52 PM:176,-1.812044,0.7722185,-1.885215,346.3147,177.7977,0.5837702,RightController
2/16/2017 3:18:52 PM:212,-1.813454,0.7718571,-1.885231,346.3173,178.0283,0.05231407,RightController
2/16/2017 3:18:52 PM:254,-1.812402,0.7720605,-1.885468,346.3452,177.9585,0.9467103,RightController
2/16/2017 3:18:52 PM:309,-1.81195,0.7728682,-1.885063,346.369,177.9736,2.26338,RightController
2/16/2017 3:18:52 PM:354,-1.812672,0.7727698,-1.884449,346.3468,178.2119,1.666731,RightController
2/16/2017 3:18:52 PM:392,-1.812314,0.7726274,-1.884661,346.3446,178.1904,2.024889,RightController
2/16/2017 3:18:52 PM:432,-1.810834,0.7722777,-1.884655,346.3945,177.912,3.163304,RightController
2/16/2017 3:18:52 PM:468,-1.810899,0.7721832,-1.885026,346.3928,178.3602,3.65349,RightController
2/16/2017 3:18:52 PM:515,-1.811236,0.7717023,-1.887219,346.3453,179.6913,2.931045,RightController
2/16/2017 3:18:52 PM:556,-1.812839,0.7714539,-1.889887,346.2814,180.4443,1.183697,RightController
2/16/2017 3:18:52 PM:612,-1.819417,0.7719975,-1.893662,346.2,184.1218,354.092,RightController
2/16/2017 3:18:52 PM:678,-1.828155,0.7708436,-1.88514,346.222,189.021,346.513,RightController
2/16/2017 3:18:52 PM:711,-1.833448,0.7716867,-1.885067,346.9833,193.7359,342.5952,RightController
2/16/2017 3:18:52 PM:746,-1.84015,0.7799312,-1.88748,352.7188,199.7889,342.3795,RightController
2/16/2017 3:18:52 PM:779,-1.840854,0.7860955,-1.888332,354.4832,202.5854,355.2216,RightController
2/16/2017 3:18:52 PM:812,-1.834021,0.7976198,-1.891865,353.3737,202.5339,0.8277657,RightController
2/16/2017 3:18:52 PM:846,-1.828721,0.8152075,-1.892465,348.9171,202.5265,352.1842,RightController
2/16/2017 3:18:52 PM:881,-1.818123,0.8368577,-1.894652,344.1049,201.4218,352.8253,RightController
2/16/2017 3:18:52 PM:913,-1.809412,0.8596781,-1.895261,339.2808,201.8073,353.5951,RightController
2/16/2017 3:18:52 PM:947,-1.799683,0.883137,-1.895504,333.4734,202.2252,352.9434,RightController
2/16/2017 3:18:52 PM:981,-1.787235,0.907258,-1.896155,327.7274,202.1564,351.4857,RightController
2/16/2017 3:18:53 PM:16,-1.771831,0.9315639,-1.897506,321.6568,201.6489,349.9883,RightController
2/16/2017 3:18:53 PM:47,-1.756127,0.9546959,-1.898816,315.5718,201.6416,346.6602,RightController
2/16/2017 3:18:53 PM:79,-1.739887,0.9756314,-1.900456,309.5495,203.7137,341.52,RightController
2/16/2017 3:18:53 PM:113,-1.71956,0.9935122,-1.906369,304.8026,203.9634,342.1762,RightController
2/16/2017 3:18:53 PM:149,-1.697194,1.006976,-1.916618,303.2996,200.6215,347.6803,RightController
2/16/2017 3:18:53 PM:191,-1.661989,1.015332,-1.939006,307.4783,186.5601,2.279192,RightController
2/16/2017 3:18:53 PM:226,-1.634957,1.017041,-1.955069,311.9034,177.5357,12.50309,RightController
2/16/2017 3:18:53 PM:264,-1.611851,1.017436,-1.967666,315.0659,173.4263,17.76141,RightController
2/16/2017 3:18:53 PM:303,-1.583836,1.017664,-1.978663,318.4602,169.0869,24.84079,RightController
2/16/2017 3:18:53 PM:360,-1.539891,1.012425,-1.987022,324.6132,159.9549,41.64257,RightController
2/16/2017 3:18:53 PM:403,-1.524138,1.00738,-1.985253,327.4335,156.0763,48.76273,RightController
2/16/2017 3:18:53 PM:441,-1.516686,1.007177,-1.981272,326.536,154.3858,52.09539,RightController
2/16/2017 3:18:53 PM:476,-1.518736,1.011358,-1.973255,322.1995,153.81,52.01966,RightController
2/16/2017 3:18:53 PM:515,-1.535093,1.017821,-1.959997,313.1006,156.3028,46.26902,RightController
2/16/2017 3:18:53 PM:573,-1.585601,1.016247,-1.945121,301.2014,180.2417,13.24547,RightController
2/16/2017 3:18:53 PM:608,-1.609677,1.007653,-1.943512,301.7267,197.2248,352.9698,RightController
2/16/2017 3:18:53 PM:642,-1.638255,0.9919275,-1.939464,305.0255,215.8043,329.6721,RightController
2/16/2017 3:18:53 PM:675,-1.659577,0.9751796,-1.935872,309.0333,227.9125,313.6731,RightController
2/16/2017 3:18:53 PM:708,-1.673017,0.9594343,-1.933995,314.8859,236.0545,303.8636,RightController
2/16/2017 3:18:53 PM:741,-1.682068,0.9462271,-1.933655,320.2915,240.5435,301.945,RightController
2/16/2017 3:18:53 PM:778,-1.686204,0.9383527,-1.936204,324.8303,242.5701,307.0374,RightController
2/16/2017 3:18:53 PM:817,-1.688486,0.9308136,-1.941134,331.1188,244.9547,315.1588,RightController
2/16/2017 3:18:53 PM:853,-1.686782,0.9274765,-1.943941,333.5445,245.6663,321.1103,RightController
2/16/2017 3:18:53 PM:889,-1.682105,0.9290887,-1.946497,332.6582,245.1993,320.4042,RightController
2/16/2017 3:18:53 PM:928,-1.673506,0.936933,-1.948772,329.7399,243.3463,313.5094,RightController
2/16/2017 3:18:53 PM:986,-1.656567,0.9498732,-1.947795,327.0748,243.0062,316.3361,RightController
2/16/2017 3:18:54 PM:22,-1.64741,0.9575531,-1.944826,325.2097,244.2257,319.2522,RightController
2/16/2017 3:18:54 PM:56,-1.633412,0.9663026,-1.93855,323.9686,247.106,318.2582,RightController
2/16/2017 3:18:54 PM:96,-1.610374,0.9797961,-1.931775,320.5095,248.6528,323.9813,RightController
2/16/2017 3:18:54 PM:141,-1.581722,0.9937075,-1.92782,316.0505,248.3144,337.2578,RightController
2/16/2017 3:18:54 PM:205,-1.538028,1.014251,-1.920226,309.2883,245.129,347.6104,RightController
2/16/2017 3:18:54 PM:244,-1.516049,1.023866,-1.913137,306.0364,242.5546,343.6724,RightController
2/16/2017 3:18:54 PM:276,-1.494484,1.030549,-1.906353,303.1122,239.5962,344.4231,RightController
2/16/2017 3:18:54 PM:308,-1.474486,1.035217,-1.900717,300.888,236.5243,347.8235,RightController
2/16/2017 3:18:54 PM:342,-1.456662,1.037337,-1.895106,297.9142,233.9442,351.9905,RightController
2/16/2017 3:18:54 PM:375,-1.443155,1.036359,-1.890983,295.4375,231.143,355.9141,RightController
2/16/2017 3:18:54 PM:410,-1.435562,1.031416,-1.889355,294.878,231.05,359.688,RightController
2/16/2017 3:18:54 PM:442,-1.432609,1.023782,-1.889234,294.8544,232.3063,0.4883289,RightController
2/16/2017 3:18:54 PM:476,-1.431399,1.01434,-1.889867,294.5812,233.1777,358.4832,RightController
2/16/2017 3:18:54 PM:509,-1.431652,1.003488,-1.89095,294.0107,233.9692,353.5692,RightController
2/16/2017 3:18:54 PM:543,-1.433359,0.9914436,-1.893869,293.4105,235.2007,351.9915,RightController
2/16/2017 3:18:54 PM:578,-1.437544,0.9746799,-1.900025,294.2879,237.2831,353.1863,RightController
2/16/2017 3:18:54 PM:613,-1.443314,0.9574226,-1.91093,297.0912,235.9532,0.02845106,RightController
2/16/2017 3:18:54 PM:648,-1.448615,0.9442061,-1.928601,299.9749,232.5015,9.085335,RightController
2/16/2017 3:18:54 PM:680,-1.44898,0.9296122,-1.948064,304.8938,222.2967,23.92582,RightController
2/16/2017 3:18:54 PM:716,-1.44498,0.9204208,-1.958894,306.4659,216.0907,27.06211,RightController
2/16/2017 3:18:54 PM:747,-1.443255,0.9138401,-1.963843,306.4002,215.2052,31.50755,RightController
2/16/2017 3:18:54 PM:782,-1.443013,0.9103954,-1.966709,305.7081,214.2598,36.79739,RightController
2/16/2017 3:18:54 PM:823,-1.442158,0.9078516,-1.970152,305.8356,210.414,40.52164,RightController
2/16/2017 3:18:54 PM:856,-1.44316,0.9080473,-1.96915,305.6746,210.5184,38.44415,RightController
2/16/2017 3:18:54 PM:890,-1.446093,0.9098405,-1.965335,305.3528,214.0205,31.97368,RightController
2/16/2017 3:18:54 PM:923,-1.449189,0.9127613,-1.959879,304.7642,218.1581,24.82866,RightController
2/16/2017 3:18:54 PM:957,-1.451361,0.9157499,-1.954717,304.2168,221.0208,18.76581,RightController
2/16/2017 3:18:54 PM:991,-1.453058,0.9180188,-1.951692,304.4059,222.9587,13.61742,RightController
2/16/2017 3:18:55 PM:35,-1.454586,0.9181622,-1.950456,304.9408,224.0451,10.27894,RightController
2/16/2017 3:18:55 PM:69,-1.455452,0.9175531,-1.949716,305.2283,225.0557,6.991438,RightController
2/16/2017 3:18:55 PM:109,-1.45679,0.9162868,-1.950544,305.8529,225.6039,4.834419,RightController
2/16/2017 3:18:55 PM:147,-1.457073,0.9157224,-1.951022,305.6993,225.7845,5.52222,RightController
2/16/2017 3:18:55 PM:203,-1.457947,0.9172877,-1.948726,305.6087,227.6836,1.166633,RightController
2/16/2017 3:18:55 PM:240,-1.458224,0.9187034,-1.946634,305.3226,228.7551,359.4092,RightController
2/16/2017 3:18:55 PM:272,-1.458639,0.9211713,-1.943242,304.6011,230.7087,356.716,RightController
2/16/2017 3:18:55 PM:306,-1.458194,0.9231302,-1.939503,303.7057,232.2185,355.5076,RightController
2/16/2017 3:18:55 PM:355,-1.454824,0.9267435,-1.935731,301.832,232.3032,356.6725,RightController
2/16/2017 3:18:55 PM:392,-1.450343,0.9298114,-1.933385,299.9409,231.9202,357.6816,RightController
2/16/2017 3:18:55 PM:460,-1.445784,0.9336777,-1.930357,298.0661,232.4957,356.2827,RightController
2/16/2017 3:18:55 PM:493,-1.445627,0.9337146,-1.931247,298.2825,231.8023,356.8092,RightController
2/16/2017 3:18:55 PM:526,-1.445703,0.9337034,-1.931873,298.6334,231.8654,356.5112,RightController
2/16/2017 3:18:55 PM:560,-1.446137,0.9333417,-1.931074,298.7696,232.9932,354.9053,RightController
2/16/2017 3:18:55 PM:593,-1.446972,0.9340489,-1.930602,298.836,233.2143,354.4781,RightController
2/16/2017 3:18:55 PM:628,-1.446982,0.9337366,-1.930856,298.9283,232.8491,355.3359,RightController
2/16/2017 3:18:55 PM:665,-1.447408,0.9338931,-1.930695,298.97,232.9681,355.4509,RightController
2/16/2017 3:18:55 PM:697,-1.448367,0.9337372,-1.93076,299.281,233.2679,354.7366,RightController
2/16/2017 3:18:55 PM:729,-1.449204,0.933357,-1.930595,299.5344,233.6468,354.0203,RightController
2/16/2017 3:18:55 PM:761,-1.449711,0.9330652,-1.931047,299.6995,233.4014,354.2936,RightController
2/16/2017 3:18:55 PM:794,-1.449902,0.9323851,-1.931748,299.8203,233.1718,354.61,RightController
2/16/2017 3:18:55 PM:829,-1.45033,0.9319271,-1.93231,300.0709,233.1183,354.5181,RightController
2/16/2017 3:18:55 PM:862,-1.450594,0.9315619,-1.93283,300.3721,232.864,354.5928,RightController
2/16/2017 3:18:55 PM:895,-1.449769,0.9313827,-1.933666,300.3329,232.5082,354.8558,RightController
2/16/2017 3:18:55 PM:928,-1.449049,0.9314595,-1.933903,300.1993,232.3161,355.0923,RightController
2/16/2017 3:18:55 PM:963,-1.448714,0.931461,-1.934298,300.228,232.047,355.2111,RightController
2/16/2017 3:18:55 PM:996,-1.448483,0.9312524,-1.934533,300.2449,231.9224,355.3118,RightController
2/16/2017 3:18:56 PM:36,-1.448402,0.9313853,-1.934431,300.2974,231.9229,355.2469,RightController
2/16/2017 3:18:56 PM:73,-1.448257,0.9313403,-1.935228,300.3629,231.6405,355.4543,RightController
2/16/2017 3:18:56 PM:107,-1.448197,0.9310408,-1.935519,300.4721,231.4137,355.8069,RightController
2/16/2017 3:18:56 PM:141,-1.448372,0.9308389,-1.935773,300.574,231.4445,355.7524,RightController
2/16/2017 3:18:56 PM:174,-1.44823,0.9302934,-1.93598,300.644,231.4254,355.623,RightController
2/16/2017 3:18:56 PM:208,-1.44795,0.9305713,-1.936298,300.6179,231.2601,355.7747,RightController
2/16/2017 3:18:56 PM:242,-1.447449,0.9307959,-1.936209,300.4822,231.1742,355.8072,RightController
2/16/2017 3:18:56 PM:277,-1.447173,0.9309205,-1.936372,300.4536,231.0741,355.9538,RightController
2/16/2017 3:18:56 PM:313,-1.447036,0.9308984,-1.936376,300.4967,230.8993,356.0427,RightController
2/16/2017 3:18:56 PM:353,-1.447037,0.930787,-1.936644,300.4916,230.8599,356.1122,RightController
2/16/2017 3:18:56 PM:386,-1.446945,0.9306434,-1.936826,300.5439,230.8818,356.2039,RightController
2/16/2017 3:18:56 PM:419,-1.447201,0.9304398,-1.936969,300.6539,230.909,356.0894,RightController
2/16/2017 3:18:56 PM:455,-1.447344,0.9302238,-1.937204,300.7348,230.8973,356.0634,RightController
2/16/2017 3:18:56 PM:486,-1.44737,0.9299095,-1.937519,300.8127,230.769,356.3484,RightController
2/16/2017 3:18:56 PM:520,-1.447545,0.9296136,-1.937541,300.9355,230.9416,356.0318,RightController
2/16/2017 3:18:56 PM:554,-1.447591,0.9294899,-1.937879,300.9827,230.8262,356.1701,RightController
2/16/2017 3:18:56 PM:605,-1.447195,0.9296941,-1.938092,300.9573,230.6478,356.3569,RightController
2/16/2017 3:18:56 PM:654,-1.447049,0.9298809,-1.93821,300.9901,230.5715,356.3167,RightController
2/16/2017 3:18:56 PM:722,-1.446925,0.9298674,-1.938174,300.9426,230.4744,356.406,RightController
2/16/2017 3:18:56 PM:760,-1.446807,0.9295037,-1.938411,301.0039,230.4216,356.4495,RightController
2/16/2017 3:18:56 PM:800,-1.446922,0.9295011,-1.938905,301.1014,230.2751,356.7087,RightController
2/16/2017 3:18:56 PM:856,-1.447597,0.9287843,-1.939298,301.3916,230.3418,356.647,RightController
2/16/2017 3:18:56 PM:896,-1.447533,0.9285804,-1.939489,301.451,230.2047,356.7722,RightController
2/16/2017 3:18:56 PM:934,-1.447294,0.9289234,-1.939809,301.429,230.1852,356.7576,RightController
2/16/2017 3:18:56 PM:969,-1.446809,0.9286373,-1.940043,301.4398,229.9798,356.8957,RightController
2/16/2017 3:18:57 PM:13,-1.446446,0.9286368,-1.940183,301.4303,229.7393,357.1762,RightController
2/16/2017 3:18:57 PM:68,-1.446656,0.9287879,-1.939934,301.405,230.0737,356.795,RightController
2/16/2017 3:18:57 PM:113,-1.446763,0.9287949,-1.93996,301.426,229.9565,357.0273,RightController
2/16/2017 3:18:57 PM:150,-1.44653,0.9282933,-1.940473,301.5024,229.875,357.0977,RightController
2/16/2017 3:18:57 PM:191,-1.446613,0.9282633,-1.940802,301.6563,229.8087,357.1121,RightController
2/16/2017 3:18:57 PM:247,-1.446497,0.9278874,-1.941232,301.6899,229.4583,357.4842,RightController
2/16/2017 3:18:57 PM:283,-1.446274,0.9275811,-1.941604,301.748,229.3555,357.5063,RightController
2/16/2017 3:18:57 PM:319,-1.446158,0.9271861,-1.942066,301.8015,229.2391,357.6904,RightController
2/16/2017 3:18:57 PM:358,-1.446509,0.9274457,-1.942106,301.8376,229.1956,357.7506,RightController
2/16/2017 3:18:57 PM:414,-1.44598,0.9275396,-1.941782,301.7316,229.0733,358.0667,RightController
2/16/2017 3:18:57 PM:449,-1.446032,0.9279649,-1.94161,301.638,229.1323,358.0227,RightController
2/16/2017 3:18:57 PM:486,-1.445813,0.9279823,-1.941447,301.5913,229.3017,357.7246,RightController
2/16/2017 3:18:57 PM:525,-1.445862,0.9282738,-1.940978,301.5606,229.4639,357.5018,RightController
2/16/2017 3:18:57 PM:582,-1.446353,0.9283878,-1.940596,301.61,229.8517,357.0622,RightController
2/16/2017 3:18:57 PM:619,-1.446297,0.9282658,-1.940645,301.6584,229.8351,356.9938,RightController
2/16/2017 3:18:57 PM:659,-1.446057,0.9278593,-1.941143,301.7007,229.7549,357.1517,RightController
2/16/2017 3:18:57 PM:704,-1.446419,0.9280043,-1.941118,301.764,229.6628,357.205,RightController
2/16/2017 3:18:57 PM:761,-1.446154,0.9276923,-1.941561,301.792,229.5148,357.2793,RightController
2/16/2017 3:18:57 PM:798,-1.446111,0.9275858,-1.941516,301.7656,229.4859,357.4257,RightController
2/16/2017 3:18:57 PM:849,-1.446373,0.9274606,-1.941729,301.8578,229.4999,357.3301,RightController
2/16/2017 3:18:57 PM:918,-1.446654,0.9273012,-1.942028,301.9595,229.5144,357.382,RightController
2/16/2017 3:18:57 PM:953,-1.446664,0.9272281,-1.942032,301.952,229.5327,357.451,RightController
2/16/2017 3:18:57 PM:995,-1.446872,0.9267732,-1.942073,302.0005,229.5002,357.5393,RightController
2/16/2017 3:18:58 PM:31,-1.447388,0.9268036,-1.942109,302.0644,229.5596,357.5848,RightController
2/16/2017 3:18:58 PM:66,-1.447782,0.9265788,-1.942118,302.1146,229.7589,357.4617,RightController
2/16/2017 3:18:58 PM:108,-1.448325,0.9266552,-1.941823,302.1775,229.9939,357.2112,RightController
2/16/2017 3:18:58 PM:174,-1.448666,0.9266802,-1.941815,302.2306,230.1945,357.011,RightController
2/16/2017 3:18:58 PM:229,-1.448618,0.9263672,-1.942525,302.4378,229.8155,357.2254,RightController
2/16/2017 3:18:58 PM:267,-1.448411,0.9259827,-1.943019,302.6363,229.6826,357.1964,RightController
2/16/2017 3:18:58 PM:307,-1.448014,0.9255159,-1.943842,302.8622,229.1395,357.2469,RightController
2/16/2017 3:18:58 PM:343,-1.447709,0.9251406,-1.944459,303.2734,228.7782,356.4106,RightController
2/16/2017 3:18:58 PM:379,-1.448747,0.9236277,-1.946171,304.7916,228.1413,354.0067,RightController
2/16/2017 3:18:58 PM:419,-1.450318,0.9192311,-1.951833,308.9646,225.6971,348.0433,RightController
2/16/2017 3:18:58 PM:476,-1.448191,0.9116327,-1.961547,314.6115,220.475,340.2825,RightController
2/16/2017 3:18:58 PM:510,-1.444581,0.9107856,-1.963598,314.5199,218.8941,340.8532,RightController
2/16/2017 3:18:58 PM:553,-1.438691,0.9081984,-1.968374,315.9369,215.3853,340.288,RightController
2/16/2017 3:18:58 PM:590,-1.434691,0.9055982,-1.972278,317.3905,212.6315,340.1696,RightController
2/16/2017 3:18:58 PM:632,-1.429744,0.9040064,-1.975008,318.0135,210.0387,341.2368,RightController
2/16/2017 3:18:58 PM:667,-1.427535,0.9025308,-1.97601,319.2348,208.2101,338.6113,RightController
2/16/2017 3:18:58 PM:702,-1.424666,0.9000642,-1.977566,320.9488,205.7239,334.867,RightController
2/16/2017 3:18:58 PM:743,-1.417925,0.8956615,-1.980332,323.4159,200.3895,330.2978,RightController
2/16/2017 3:18:58 PM:779,-1.411678,0.8941748,-1.98157,323.5538,196.4633,329.05,RightController
2/16/2017 3:18:58 PM:814,-1.409669,0.8954374,-1.980816,322.7873,195.303,325.0782,RightController
2/16/2017 3:18:58 PM:856,-1.41266,0.8978745,-1.978442,322.1163,196.1514,317.6153,RightController
2/16/2017 3:18:58 PM:890,-1.417011,0.9000826,-1.975674,322.0463,197.764,312.5473,RightController
2/16/2017 3:18:58 PM:935,-1.424005,0.9069818,-1.967241,319.0083,200.3221,306.188,RightController
2/16/2017 3:18:58 PM:978,-1.427264,0.9132508,-1.958487,315.9053,202.504,299.344,RightController
2/16/2017 3:18:59 PM:11,-1.429267,0.9175781,-1.951414,313.3141,204.5438,294.6263,RightController
2/16/2017 3:18:59 PM:46,-1.430432,0.9208965,-1.945185,311.0841,206.6455,289.8019,RightController
2/16/2017 3:18:59 PM:90,-1.432463,0.92468,-1.937771,308.6113,210.0365,282.3783,RightController
2/16/2017 3:18:59 PM:147,-1.436993,0.9279025,-1.928052,305.9955,215.8022,272.3815,RightController
2/16/2017 3:18:59 PM:189,-1.438931,0.9285128,-1.926017,305.6698,217.5589,270.3342,RightController
2/16/2017 3:18:59 PM:226,-1.442552,0.928811,-1.922083,305.2784,220.4157,265.1853,RightController
2/16/2017 3:18:59 PM:269,-1.445532,0.9292148,-1.918466,304.9701,222.9634,261.1649,RightController
2/16/2017 3:18:59 PM:306,-1.447339,0.9294235,-1.917131,305.0948,224.0314,258.5227,RightController
2/16/2017 3:18:59 PM:353,-1.448869,0.9295135,-1.915623,305.0085,225.1686,255.7716,RightController
2/16/2017 3:18:59 PM:391,-1.449711,0.9292803,-1.915494,305.1821,225.9957,253.1013,RightController
2/16/2017 3:18:59 PM:447,-1.451492,0.9284186,-1.916151,305.5811,226.5869,250.3763,RightController
2/16/2017 3:18:59 PM:515,-1.451656,0.9268816,-1.919114,306.4126,224.9903,250.3336,RightController
2/16/2017 3:18:59 PM:552,-1.451746,0.9263549,-1.91999,306.6902,224.5428,249.1376,RightController
2/16/2017 3:18:59 PM:592,-1.452607,0.9260507,-1.921689,307.2228,223.8585,248.1163,RightController
2/16/2017 3:18:59 PM:648,-1.45229,0.9251931,-1.923713,307.7279,222.3127,250.345,RightController
2/16/2017 3:18:59 PM:685,-1.453384,0.9244095,-1.923676,307.8664,223.3093,249.1576,RightController
2/16/2017 3:18:59 PM:726,-1.456479,0.9227608,-1.924554,308.6131,224.2393,249.5839,RightController
2/16/2017 3:18:59 PM:762,-1.461221,0.9214053,-1.925146,310.0639,225.5392,248.5433,RightController
2/16/2017 3:18:59 PM:797,-1.466953,0.9184797,-1.925858,312.236,226.5191,243.9086,RightController
2/16/2017 3:18:59 PM:831,-1.473806,0.9139607,-1.927078,315.7165,226.0651,237.5338,RightController
2/16/2017 3:18:59 PM:867,-1.481313,0.910103,-1.92851,319.0468,225.9615,232.9202,RightController
2/16/2017 3:18:59 PM:905,-1.4899,0.9058808,-1.926168,321.9323,228.4041,228.3513,RightController
2/16/2017 3:18:59 PM:940,-1.493832,0.9032836,-1.924752,323.3442,229.216,224.7433,RightController
2/16/2017 3:18:59 PM:976,-1.496856,0.9017901,-1.923465,324.4954,230.4974,222.4376,RightController
2/16/2017 3:19:00 PM:11,-1.499953,0.8995438,-1.923182,326.0062,231.4886,221.0494,RightController
2/16/2017 3:19:00 PM:51,-1.504359,0.8968307,-1.921997,327.4272,232.9904,220.5129,RightController
2/16/2017 3:19:00 PM:107,-1.511935,0.8947393,-1.916444,328.6048,235.831,222.9267,RightController
2/16/2017 3:19:00 PM:142,-1.51614,0.8957827,-1.911573,328.9443,238.1774,225.2913,RightController
2/16/2017 3:19:00 PM:180,-1.522849,0.8984833,-1.902542,329.4349,243.8697,237.0914,RightController
2/16/2017 3:19:00 PM:229,-1.53113,0.9049636,-1.890733,327.9304,250.0255,281.4681,RightController
2/16/2017 3:19:00 PM:285,-1.541601,0.9018259,-1.882943,326.0831,255.218,323.7092,RightController
2/16/2017 3:19:00 PM:318,-1.548354,0.8976227,-1.877576,327.4123,256.238,325.0331,RightController
2/16/2017 3:19:00 PM:356,-1.561287,0.8918633,-1.870745,330.1455,257.0625,323.8965,RightController
2/16/2017 3:19:00 PM:391,-1.573897,0.884587,-1.862408,333.1212,258.1706,320.0205,RightController
2/16/2017 3:19:00 PM:430,-1.587093,0.8761845,-1.853814,334.6236,259.0204,324.0763,RightController
2/16/2017 3:19:00 PM:486,-1.603385,0.8683847,-1.845376,332.299,258.7656,341.3129,RightController
2/16/2017 3:19:00 PM:523,-1.609671,0.8657999,-1.841615,331.0005,259.3598,342.9491,RightController
2/16/2017 3:19:00 PM:564,-1.62424,0.857759,-1.833833,331.7973,261.2907,342.1786,RightController
2/16/2017 3:19:00 PM:610,-1.638896,0.8492199,-1.830501,332.9987,261.7902,345.2166,RightController
2/16/2017 3:19:00 PM:646,-1.646582,0.8447802,-1.830093,334.1701,261.824,349.2234,RightController
2/16/2017 3:19:00 PM:688,-1.6511,0.8441682,-1.833309,334.0468,259.8945,352.649,RightController
2/16/2017 3:19:00 PM:732,-1.652205,0.846171,-1.834888,334.0725,259.1955,352.1301,RightController
2/16/2017 3:19:00 PM:769,-1.650247,0.8481671,-1.834154,333.9605,259.9065,349.5416,RightController
2/16/2017 3:19:00 PM:810,-1.64725,0.8495829,-1.83221,333.7975,261.0249,344.9693,RightController
2/16/2017 3:19:00 PM:846,-1.644918,0.8488095,-1.832548,333.8224,261.2896,342.2072,RightController
2/16/2017 3:19:00 PM:880,-1.642243,0.8465058,-1.833705,333.9629,261.3887,340.0454,RightController
2/16/2017 3:19:00 PM:914,-1.639263,0.8438408,-1.836209,333.8438,261.1382,338.6115,RightController
2/16/2017 3:19:00 PM:955,-1.638463,0.8410503,-1.844118,334.9045,259.2613,339.7867,RightController
2/16/2017 3:19:00 PM:995,-1.635248,0.8401581,-1.850668,335.046,256.6674,341.9391,RightController
2/16/2017 3:19:01 PM:33,-1.630606,0.8411814,-1.85693,334.27,255.167,341.729,RightController
2/16/2017 3:19:01 PM:90,-1.625915,0.8438817,-1.863996,333.6778,253.3425,341.5408,RightController
2/16/2017 3:19:01 PM:125,-1.62502,0.8439161,-1.865811,333.5589,252.7961,342.0371,RightController
2/16/2017 3:19:01 PM:161,-1.62392,0.8435581,-1.86779,333.5373,252.5017,342.6381,RightController
2/16/2017 3:19:01 PM:196,-1.623957,0.8432081,-1.8681,333.4799,252.49,342.9742,RightController
2/16/2017 3:19:01 PM:234,-1.624876,0.8421476,-1.867481,333.4501,252.6945,343.7466,RightController
2/16/2017 3:19:01 PM:291,-1.624593,0.8437929,-1.868392,332.3145,252.2844,348.1133,RightController
2/16/2017 3:19:01 PM:335,-1.620748,0.848015,-1.872205,330.6198,250.6447,348.7841,RightController
2/16/2017 3:19:01 PM:369,-1.619681,0.8489795,-1.873321,330.469,250.9195,348.0352,RightController
2/16/2017 3:19:01 PM:406,-1.619621,0.8488947,-1.874489,330.5076,251.1792,348.168,RightController
2/16/2017 3:19:01 PM:442,-1.619406,0.8484268,-1.875292,330.8685,251.654,347.3817,RightController
2/16/2017 3:19:01 PM:481,-1.621148,0.8461863,-1.87485,331.6651,252.663,347.3685,RightController
2/16/2017 3:19:01 PM:536,-1.626111,0.8445219,-1.869796,332.4107,255.2444,346.4336,RightController
2/16/2017 3:19:01 PM:570,-1.627306,0.8450222,-1.864689,332.311,257.1331,344.2789,RightController
2/16/2017 3:19:01 PM:607,-1.630568,0.8450266,-1.857903,333.0205,259.6816,341.6964,RightController
2/16/2017 3:19:01 PM:641,-1.633953,0.8444831,-1.852195,334.1111,261.8553,340.2446,RightController
2/16/2017 3:19:01 PM:675,-1.633738,0.8497614,-1.850978,332.3954,262.3585,344.0966,RightController
2/16/2017 3:19:01 PM:715,-1.628764,0.8616841,-1.844617,328.5644,264.1992,341.2559,RightController
2/16/2017 3:19:01 PM:771,-1.624867,0.8779505,-1.828121,324.9473,269.7239,336.6112,RightController
2/16/2017 3:19:01 PM:806,-1.623352,0.8860747,-1.821569,322.9773,272.0994,333.732,RightController
2/16/2017 3:19:01 PM:841,-1.619964,0.8976519,-1.811265,320.2421,275.5223,328.1136,RightController
2/16/2017 3:19:01 PM:875,-1.617518,0.9091043,-1.800193,317.706,278.7799,321.7498,RightController
2/16/2017 3:19:01 PM:909,-1.615448,0.9196932,-1.789571,315.4792,281.9734,314.2183,RightController
2/16/2017 3:19:01 PM:944,-1.615925,0.9302443,-1.780537,314.019,283.6834,305.8742,RightController
2/16/2017 3:19:02 PM:5,-1.620013,0.9600129,-1.768385,310.6835,282.8569,301.5542,RightController
2/16/2017 3:19:02 PM:41,-1.622194,0.9682791,-1.764331,311.2664,283.2898,300.7623,RightController
2/16/2017 3:19:02 PM:77,-1.627474,0.9788454,-1.75828,312.3299,282.5602,299.6472,RightController
2/16/2017 3:19:02 PM:110,-1.63546,0.9874923,-1.753869,314.566,279.1013,299.9022,RightController
2/16/2017 3:19:02 PM:144,-1.644607,0.9918147,-1.748873,316.5975,279.0423,296.8417,RightController
2/16/2017 3:19:02 PM:184,-1.658738,0.9946675,-1.747192,318.7584,272.312,300.6364,RightController
2/16/2017 3:19:02 PM:242,-1.684533,0.9853634,-1.751962,322.8274,259.9533,305.8813,RightController
2/16/2017 3:19:02 PM:279,-1.694909,0.9768786,-1.756536,325.2221,255.904,305.6965,RightController
2/16/2017 3:19:02 PM:324,-1.712901,0.95513,-1.767133,332.7333,249.0894,300.2488,RightController
2/16/2017 3:19:02 PM:374,-1.730306,0.9181349,-1.784908,345.9612,237.6009,295.9703,RightController
2/16/2017 3:19:02 PM:442,-1.735505,0.8960991,-1.788706,354.3521,231.2478,297.0079,RightController
2/16/2017 3:19:02 PM:485,-1.73428,0.8978548,-1.78744,350.6768,230.4825,295.5893,RightController
2/16/2017 3:19:02 PM:521,-1.734138,0.9009259,-1.78548,345.9442,230.03,295.9879,RightController
2/16/2017 3:19:02 PM:557,-1.734102,0.9062592,-1.782842,340.0851,230.1975,298.3704,RightController
2/16/2017 3:19:02 PM:597,-1.734282,0.9106411,-1.779522,332.0167,229.8365,304.6783,RightController
2/16/2017 3:19:02 PM:635,-1.736329,0.909906,-1.778317,328.0655,227.686,310.3238,RightController
2/16/2017 3:19:02 PM:676,-1.742867,0.9041091,-1.77871,326.0869,222.7049,316.5883,RightController
2/16/2017 3:19:02 PM:732,-1.759883,0.8917173,-1.77624,323.2672,216.0311,325.2144,RightController
2/16/2017 3:19:02 PM:779,-1.77269,0.8855363,-1.769594,322.3979,216.6919,325.4066,RightController
2/16/2017 3:19:02 PM:820,-1.792264,0.8767142,-1.766058,323.7052,217.3006,327.7994,RightController
2/16/2017 3:19:02 PM:876,-1.81909,0.8642014,-1.763408,323.1704,218.2345,334.9879,RightController
2/16/2017 3:19:02 PM:912,-1.827212,0.8589489,-1.765003,323.3805,218.5814,337.9913,RightController
2/16/2017 3:19:02 PM:954,-1.841993,0.8491944,-1.768927,324.6035,219.0057,342.5648,RightController
2/16/2017 3:19:02 PM:994,-1.851007,0.841839,-1.77326,326.2133,219.6526,345.9073,RightController
2/16/2017 3:19:03 PM:32,-1.858622,0.835084,-1.779489,327.7864,220.0072,350.0599,RightController
2/16/2017 3:19:03 PM:89,-1.865137,0.8296238,-1.787648,328.7878,220.2997,350.8283,RightController
2/16/2017 3:19:03 PM:137,-1.86432,0.8277647,-1.793592,329.5772,218.6631,351.6912,RightController
2/16/2017 3:19:03 PM:178,-1.862502,0.8248487,-1.801159,330.4023,216.0149,352.9662,RightController
2/16/2017 3:19:03 PM:233,-1.860203,0.818543,-1.81199,331.9798,211.4855,355.1986,RightController
2/16/2017 3:19:03 PM:283,-1.859515,0.8165122,-1.814984,332.2306,210.0109,356.2595,RightController
2/16/2017 3:19:03 PM:322,-1.858747,0.8123252,-1.82133,333.1199,206.8799,358.4671,RightController
2/16/2017 3:19:03 PM:378,-1.861737,0.8081143,-1.825685,332.9555,207.0089,0.8934551,RightController
2/16/2017 3:19:03 PM:434,-1.866551,0.8057162,-1.827918,333.4616,208.3578,1.688504,RightController
2/16/2017 3:19:03 PM:478,-1.866402,0.804709,-1.829743,333.75,207.2097,2.288247,RightController
2/16/2017 3:19:03 PM:525,-1.86693,0.803525,-1.833475,334.9811,206.938,4.06571,RightController
2/16/2017 3:19:03 PM:560,-1.866422,0.8033118,-1.834836,334.8568,206.4992,4.059179,RightController
2/16/2017 3:19:03 PM:595,-1.866531,0.8021206,-1.83694,335.256,205.9903,4.523544,RightController
2/16/2017 3:19:03 PM:635,-1.865482,0.7983766,-1.84148,336.5468,204.6853,6.968069,RightController
2/16/2017 3:19:03 PM:691,-1.863209,0.7883621,-1.849808,339.9788,202.4746,13.69767,RightController
2/16/2017 3:19:03 PM:730,-1.862391,0.7845643,-1.853152,341.3705,201.1246,15.98801,RightController
2/16/2017 3:19:03 PM:768,-1.861601,0.7798778,-1.858407,343.4878,199.4763,18.51639,RightController
2/16/2017 3:19:03 PM:813,-1.863952,0.7782543,-1.860208,344.0192,199.6831,18.12736,RightController
2/16/2017 3:19:03 PM:851,-1.864942,0.779301,-1.860487,343.6767,199.3092,16.94357,RightController
2/16/2017 3:19:03 PM:891,-1.868241,0.777737,-1.862102,344.407,199.4748,13.85528,RightController
2/16/2017 3:19:03 PM:948,-1.866961,0.77005,-1.86962,348.5854,197.7125,22.15037,RightController
2/16/2017 3:19:03 PM:986,-1.860008,0.7741858,-1.864422,345.6814,195.5942,22.67338,RightController
2/16/2017 3:19:04 PM:26,-1.862001,0.7711563,-1.865875,346.1497,195.5753,22.08216,RightController
2/16/2017 3:19:04 PM:63,-1.867217,0.7716966,-1.867435,347.1877,196.5399,19.55577,RightController
2/16/2017 3:19:04 PM:107,-1.869908,0.769913,-1.867577,346.2304,196.7576,19.71487,RightController
2/16/2017 3:19:04 PM:149,-1.868261,0.7741847,-1.866595,346.604,196.9261,19.30071,RightController
2/16/2017 3:19:04 PM:217,-1.869084,0.7739935,-1.866184,346.5974,196.9319,19.40336,RightController
2/16/2017 3:19:04 PM:273,-1.868894,0.7729675,-1.866602,346.591,196.9401,19.40065,RightController
2/16/2017 3:19:04 PM:317,-1.869437,0.7729537,-1.86658,346.5871,197.0385,19.09952,RightController
2/16/2017 3:19:04 PM:361,-1.86975,0.7728803,-1.866608,346.584,197.1209,18.76837,RightController
2/16/2017 3:19:04 PM:418,-1.869874,0.7728978,-1.866282,346.5679,197.1402,18.79143,RightController
2/16/2017 3:19:04 PM:473,-1.869332,0.7719351,-1.866808,346.5547,197.1398,18.82881,RightController
2/16/2017 3:19:04 PM:530,-1.86915,0.771899,-1.866878,346.5638,197.16,18.82812,RightController
2/16/2017 3:19:04 PM:596,-1.869174,0.7718024,-1.866901,346.5521,197.1851,18.81326,RightController
2/16/2017 3:19:04 PM:635,-1.869258,0.7716426,-1.867031,346.5545,197.1924,18.80491,RightController
2/16/2017 3:19:04 PM:675,-1.869385,0.7719707,-1.866855,346.521,197.1796,18.81275,RightController
2/16/2017 3:19:04 PM:722,-1.869236,0.7719171,-1.866652,346.5172,197.1827,18.81495,RightController
2/16/2017 3:19:04 PM:759,-1.869245,0.7723515,-1.866854,346.5237,197.1896,18.81065,RightController
2/16/2017 3:19:04 PM:798,-1.869138,0.7721735,-1.866896,346.518,197.1991,18.8075,RightController
2/16/2017 3:19:04 PM:842,-1.869176,0.7720255,-1.866846,346.5086,197.198,18.7972,RightController
2/16/2017 3:19:04 PM:886,-1.869228,0.7718159,-1.866948,346.5237,197.2327,18.76524,RightController
2/16/2017 3:19:04 PM:932,-1.869164,0.7719401,-1.86713,346.5161,197.2275,18.77563,RightController
2/16/2017 3:19:04 PM:969,-1.869072,0.7719324,-1.8669,346.5173,197.2465,18.754,RightController
2/16/2017 3:19:05 PM:3,-1.869061,0.7721411,-1.867093,346.5203,197.2528,18.75768,RightController
2/16/2017 3:19:05 PM:43,-1.869085,0.7718756,-1.866815,346.5176,197.255,18.7422,RightController
2/16/2017 3:19:05 PM:99,-1.869283,0.7719696,-1.866832,346.5248,197.2684,18.72465,RightController
2/16/2017 3:19:05 PM:137,-1.869392,0.7721592,-1.866792,346.5269,197.2636,18.72834,RightController
2/16/2017 3:19:05 PM:176,-1.86902,0.7718797,-1.866917,346.5421,197.2726,18.71725,RightController
2/16/2017 3:19:05 PM:233,-1.869064,0.7719142,-1.867006,346.5419,197.2793,18.70699,RightController
2/16/2017 3:19:05 PM:270,-1.86911,0.7716485,-1.866963,346.5352,197.2706,18.70183,RightController
2/16/2017 3:19:05 PM:304,-1.869224,0.7719637,-1.866787,346.5321,197.2744,18.69657,RightController
2/16/2017 3:19:05 PM:345,-1.869092,0.7720157,-1.866911,346.5507,197.2822,18.69318,RightController
2/16/2017 3:19:05 PM:400,-1.869048,0.7718261,-1.866941,346.5446,197.2836,18.69784,RightController
2/16/2017 3:19:05 PM:435,-1.868984,0.7718415,-1.866979,346.5337,197.2771,18.69336,RightController
2/16/2017 3:19:05 PM:471,-1.86906,0.7718709,-1.866931,346.5498,197.2784,18.694,RightController
2/16/2017 3:19:05 PM:506,-1.86911,0.7718538,-1.867025,346.5546,197.282,18.69563,RightController
2/16/2017 3:19:05 PM:546,-1.869014,0.7715473,-1.867024,346.5629,197.2937,18.68108,RightController
2/16/2017 3:19:05 PM:601,-1.869157,0.771697,-1.866893,346.538,197.2756,18.68711,RightController
2/16/2017 3:19:05 PM:636,-1.869421,0.7719399,-1.866846,346.5495,197.2839,18.68464,RightController
2/16/2017 3:19:05 PM:671,-1.869119,0.7715123,-1.86691,346.5568,197.2763,18.68896,RightController
2/16/2017 3:19:05 PM:708,-1.86905,0.7718387,-1.866855,346.5535,197.2818,18.68274,RightController
2/16/2017 3:19:05 PM:748,-1.868698,0.7714541,-1.867233,346.584,197.2939,18.67459,RightController
2/16/2017 3:19:05 PM:791,-1.868934,0.7716908,-1.866992,346.578,197.2944,18.67053,RightController
2/16/2017 3:19:05 PM:825,-1.868817,0.7715225,-1.867117,346.5869,197.2988,18.67012,RightController
2/16/2017 3:19:05 PM:869,-1.868863,0.7713968,-1.867071,346.5782,197.2829,18.66805,RightController
2/16/2017 3:19:05 PM:905,-1.869016,0.7714262,-1.867019,346.5739,197.289,18.65668,RightController
2/16/2017 3:19:05 PM:939,-1.868962,0.7715815,-1.867064,346.5701,197.2911,18.65524,RightController
2/16/2017 3:19:05 PM:981,-1.869027,0.7714728,-1.867071,346.593,197.3078,18.64189,RightController
2/16/2017 3:19:06 PM:25,-1.868964,0.7716326,-1.86714,346.5994,197.3117,18.63334,RightController
2/16/2017 3:19:06 PM:70,-1.868749,0.7713072,-1.867208,346.5839,197.2996,18.63614,RightController
2/16/2017 3:19:06 PM:109,-1.868653,0.7713584,-1.867145,346.5779,197.3088,18.63701,RightController
2/16/2017 3:19:06 PM:153,-1.86885,0.7714942,-1.866993,346.5955,197.3207,18.61521,RightController
2/16/2017 3:19:06 PM:193,-1.869056,0.7718894,-1.867171,346.5991,197.3267,18.61058,RightController
2/16/2017 3:19:06 PM:230,-1.869079,0.7718812,-1.866895,346.5892,197.3201,18.61332,RightController
2/16/2017 3:19:06 PM:271,-1.868954,0.771687,-1.866962,346.5768,197.3162,18.62169,RightController
2/16/2017 3:19:06 PM:307,-1.868978,0.7715522,-1.867007,346.5778,197.3248,18.61697,RightController
2/16/2017 3:19:06 PM:350,-1.868904,0.7713727,-1.867096,346.5959,197.3311,18.61499,RightController
2/16/2017 3:19:06 PM:387,-1.868794,0.7710544,-1.867261,346.6097,197.3299,18.61666,RightController
2/16/2017 3:19:06 PM:428,-1.868898,0.7715958,-1.86708,346.5986,197.329,18.61383,RightController
2/16/2017 3:19:06 PM:466,-1.868891,0.7716459,-1.867124,346.5997,197.3197,18.61862,RightController
2/16/2017 3:19:06 PM:506,-1.868717,0.7714057,-1.867178,346.5876,197.3095,18.62571,RightController
2/16/2017 3:19:06 PM:562,-1.868748,0.7713892,-1.867302,346.6058,197.3216,18.61373,RightController
2/16/2017 3:19:06 PM:597,-1.868763,0.7714653,-1.867198,346.5987,197.3239,18.60976,RightController
2/16/2017 3:19:06 PM:640,-1.86896,0.7714121,-1.867112,346.585,197.3245,18.60663,RightController
2/16/2017 3:19:06 PM:696,-1.868773,0.7712957,-1.867215,346.6019,197.3306,18.61513,RightController
2/16/2017 3:19:06 PM:732,-1.868764,0.7713754,-1.867064,346.5914,197.3313,18.61013,RightController
2/16/2017 3:19:06 PM:767,-1.868671,0.7711009,-1.867308,346.5989,197.3276,18.60978,RightController
2/16/2017 3:19:06 PM:808,-1.869023,0.7712615,-1.867133,346.5907,197.3151,18.61012,RightController
2/16/2017 3:19:06 PM:853,-1.868691,0.7716271,-1.867107,346.5941,197.3252,18.60176,RightController
2/16/2017 3:19:06 PM:887,-1.868694,0.7713377,-1.867093,346.5965,197.3257,18.60925,RightController
2/16/2017 3:19:06 PM:921,-1.868814,0.771291,-1.867252,346.604,197.3289,18.59793,RightController
2/16/2017 3:19:06 PM:956,-1.868627,0.7711401,-1.867157,346.5945,197.3196,18.60505,RightController
