2/24/2017 11:10:08 AM:104,0,0,0,0,0,0,RightController
2/24/2017 11:10:08 AM:150,-1.538347,0.7422271,-1.487847,31.56413,150.5167,16.6195,RightController
2/24/2017 11:10:08 AM:203,-1.538285,0.7422541,-1.487858,31.63587,150.3854,16.74872,RightController
2/24/2017 11:10:08 AM:236,-1.538603,0.7420732,-1.488117,31.81255,150.4164,16.8353,RightController
2/24/2017 11:10:08 AM:289,-1.539253,0.7421424,-1.48813,31.93402,150.534,17.01045,RightController
2/24/2017 11:10:08 AM:326,-1.539307,0.7415346,-1.48812,32.15578,150.5715,17.15724,RightController
2/24/2017 11:10:08 AM:382,-1.538535,0.7409016,-1.488448,32.29973,150.4379,17.22011,RightController
2/24/2017 11:10:08 AM:415,-1.537792,0.7410017,-1.488726,32.28418,150.4348,17.1281,RightController
2/24/2017 11:10:08 AM:456,-1.536934,0.7409863,-1.488963,32.2677,150.2424,17.12267,RightController
2/24/2017 11:10:08 AM:486,-1.535404,0.7410314,-1.489236,32.21543,149.9819,17.10979,RightController
2/24/2017 11:10:08 AM:537,-1.532502,0.7406137,-1.489217,32.20873,149.3047,17.12401,RightController
2/24/2017 11:10:08 AM:570,-1.532181,0.7403127,-1.488918,32.214,149.1653,17.21729,RightController
2/24/2017 11:10:08 AM:612,-1.531381,0.7407151,-1.48862,32.17533,148.8448,17.28947,RightController
2/24/2017 11:10:08 AM:641,-1.530996,0.7412299,-1.488662,32.03336,148.6156,17.22696,RightController
2/24/2017 11:10:08 AM:705,-1.532629,0.7429163,-1.488479,31.81261,148.6337,17.43402,RightController
2/24/2017 11:10:08 AM:738,-1.534583,0.7433984,-1.488552,31.7147,148.9813,17.46095,RightController
2/24/2017 11:10:08 AM:783,-1.538737,0.7441406,-1.488964,31.49804,149.8501,17.56049,RightController
2/24/2017 11:10:08 AM:816,-1.542594,0.7453271,-1.489265,31.25234,150.7307,17.28677,RightController
2/24/2017 11:10:08 AM:850,-1.547262,0.7460307,-1.489245,31.20663,151.7668,17.03243,RightController
2/24/2017 11:10:08 AM:883,-1.552793,0.746551,-1.488841,31.33867,152.8783,17.3216,RightController
2/24/2017 11:10:08 AM:925,-1.558535,0.7474709,-1.488403,31.25926,154.1092,17.3525,RightController
2/24/2017 11:10:08 AM:954,-1.564385,0.7481353,-1.488028,31.36965,155.4791,17.49779,RightController
2/24/2017 11:10:09 AM:6,-1.575458,0.7503152,-1.48717,31.19264,158.0786,17.15586,RightController
2/24/2017 11:10:09 AM:39,-1.578591,0.7508996,-1.486867,31.07306,158.9373,16.92702,RightController
2/24/2017 11:10:09 AM:81,-1.583253,0.7519879,-1.48658,31.0137,160.2674,16.79243,RightController
2/24/2017 11:10:09 AM:110,-1.58789,0.7528703,-1.486495,30.85354,161.5079,15.40584,RightController
2/24/2017 11:10:09 AM:163,-1.596041,0.7545862,-1.486768,30.43837,164.1549,15.14348,RightController
2/24/2017 11:10:09 AM:196,-1.597291,0.7545575,-1.486841,30.54567,164.7049,13.9591,RightController
2/24/2017 11:10:09 AM:237,-1.598115,0.7524184,-1.486564,30.87078,165.365,13.9629,RightController
2/24/2017 11:10:09 AM:267,-1.599131,0.7513772,-1.485873,31.49575,165.9496,14.14348,RightController
2/24/2017 11:10:09 AM:330,-1.596652,0.7479041,-1.483642,33.07011,165.6614,14.11544,RightController
2/24/2017 11:10:09 AM:364,-1.594371,0.7478609,-1.483369,33.04358,164.8455,12.80279,RightController
2/24/2017 11:10:09 AM:413,-1.589949,0.7471927,-1.483195,33.09267,163.7694,10.98609,RightController
2/24/2017 11:10:09 AM:442,-1.585672,0.7454957,-1.482724,33.79613,162.9725,11.11255,RightController
2/24/2017 11:10:09 AM:475,-1.580966,0.7445502,-1.482753,33.81387,161.8951,10.7036,RightController
2/24/2017 11:10:09 AM:508,-1.576632,0.7441483,-1.48382,33.62239,161.3135,10.56624,RightController
2/24/2017 11:10:09 AM:551,-1.572825,0.7442216,-1.485375,33.39617,161.0082,9.846973,RightController
2/24/2017 11:10:09 AM:581,-1.570129,0.7453626,-1.488142,32.8803,161.1357,7.71524,RightController
2/24/2017 11:10:09 AM:632,-1.574795,0.7597336,-1.492229,31.33082,161.9803,6.661904,RightController
2/24/2017 11:10:09 AM:665,-1.573959,0.7614794,-1.494127,30.90623,161.9964,5.182043,RightController
2/24/2017 11:10:09 AM:707,-1.572189,0.7631811,-1.496798,30.54881,162.3339,3.303719,RightController
2/24/2017 11:10:09 AM:736,-1.571511,0.7648683,-1.499222,30.15069,162.9376,3.0115,RightController
2/24/2017 11:10:09 AM:799,-1.566841,0.7676896,-1.502401,28.74338,161.6531,5.146043,RightController
2/24/2017 11:10:09 AM:832,-1.565094,0.7675711,-1.50193,29.02669,161.1005,5.411436,RightController
2/24/2017 11:10:09 AM:877,-1.563229,0.7676992,-1.50135,29.12602,160.8616,4.325304,RightController
2/24/2017 11:10:09 AM:910,-1.56177,0.7673886,-1.500054,29.23248,160.3828,4.446676,RightController
2/24/2017 11:10:09 AM:944,-1.560147,0.7665932,-1.4988,29.43507,159.8082,4.658413,RightController
2/24/2017 11:10:09 AM:978,-1.558849,0.7651204,-1.49696,30.02172,159.2953,4.730877,RightController
2/24/2017 11:10:10 AM:20,-1.557584,0.7637023,-1.494701,30.50428,158.7,4.609353,RightController
2/24/2017 11:10:10 AM:51,-1.556592,0.7628666,-1.492725,30.78137,158.2995,4.585001,RightController
2/24/2017 11:10:10 AM:101,-1.554739,0.7620186,-1.489628,30.91517,157.0823,5.144708,RightController
2/24/2017 11:10:10 AM:134,-1.554331,0.7620223,-1.488722,31.04021,157.0079,4.817929,RightController
2/24/2017 11:10:10 AM:177,-1.554169,0.7622752,-1.488533,31.00325,157.0025,4.111794,RightController
2/24/2017 11:10:10 AM:207,-1.553463,0.7626115,-1.48855,30.72385,156.4986,3.94061,RightController
2/24/2017 11:10:10 AM:257,-1.553377,0.7648455,-1.488992,29.95938,156.0898,3.725306,RightController
2/24/2017 11:10:10 AM:290,-1.554352,0.7642205,-1.489155,30.29256,156.8183,3.917412,RightController
2/24/2017 11:10:10 AM:333,-1.554792,0.7633436,-1.488916,30.36827,156.8244,4.04823,RightController
2/24/2017 11:10:10 AM:370,-1.554957,0.7627052,-1.487951,30.40349,156.7038,4.578705,RightController
2/24/2017 11:10:10 AM:436,-1.556102,0.7614737,-1.485578,30.73964,157.3667,5.609036,RightController
2/24/2017 11:10:10 AM:479,-1.556019,0.7609686,-1.484976,30.81542,157.1343,5.214324,RightController
2/24/2017 11:10:10 AM:517,-1.556093,0.7606732,-1.483316,30.93516,156.8854,5.650243,RightController
2/24/2017 11:10:10 AM:571,-1.555037,0.7605931,-1.480544,31.18002,155.5779,4.941005,RightController
2/24/2017 11:10:10 AM:616,-1.55357,0.7606665,-1.479193,31.21277,154.7129,4.56846,RightController
2/24/2017 11:10:10 AM:660,-1.55199,0.7611396,-1.477825,31.09931,153.878,3.840827,RightController
2/24/2017 11:10:10 AM:694,-1.551715,0.7607058,-1.476885,31.33744,153.7221,4.175875,RightController
2/24/2017 11:10:10 AM:727,-1.551407,0.7600167,-1.476053,31.70458,153.5844,4.647904,RightController
2/24/2017 11:10:10 AM:761,-1.551569,0.7597754,-1.476186,31.68821,153.5351,3.684098,RightController
2/24/2017 11:10:10 AM:804,-1.551873,0.7597204,-1.476423,31.69598,153.6578,3.555276,RightController
2/24/2017 11:10:10 AM:834,-1.552205,0.7594087,-1.476657,31.83479,153.7764,3.803881,RightController
2/24/2017 11:10:10 AM:873,-1.551893,0.7584788,-1.476695,32.17546,153.5724,3.70932,RightController
2/24/2017 11:10:10 AM:906,-1.551162,0.7581898,-1.47598,32.2737,153.1483,3.397838,RightController
2/24/2017 11:10:10 AM:951,-1.55063,0.7575648,-1.47506,32.52568,152.8208,3.432819,RightController
2/24/2017 11:10:10 AM:985,-1.550013,0.7561234,-1.47361,33.24315,152.2511,3.039832,RightController
2/24/2017 11:10:11 AM:18,-1.548864,0.7554631,-1.472786,33.52082,151.6487,2.411966,RightController
2/24/2017 11:10:11 AM:52,-1.548184,0.7554022,-1.472617,33.49713,151.4486,2.551262,RightController
2/24/2017 11:10:11 AM:85,-1.548137,0.7553935,-1.473158,33.47759,151.4433,2.332449,RightController
2/24/2017 11:10:11 AM:130,-1.547324,0.7553792,-1.474034,33.25683,151.4012,2.166863,RightController
2/24/2017 11:10:11 AM:164,-1.547188,0.7553263,-1.474746,33.15474,151.4492,2.208456,RightController
2/24/2017 11:10:11 AM:197,-1.546771,0.7553796,-1.475433,33.12164,151.4563,2.043222,RightController
2/24/2017 11:10:11 AM:231,-1.546215,0.7550087,-1.475581,33.12789,151.3875,1.953784,RightController
2/24/2017 11:10:11 AM:275,-1.545488,0.7549779,-1.475627,33.17366,151.1541,1.806684,RightController
2/24/2017 11:10:11 AM:308,-1.544668,0.754374,-1.475746,33.27143,150.9324,1.870382,RightController
2/24/2017 11:10:11 AM:342,-1.543992,0.7540994,-1.476,33.36475,150.7817,1.984816,RightController
2/24/2017 11:10:11 AM:376,-1.5436,0.7540051,-1.4763,33.36746,150.6761,1.876132,RightController
2/24/2017 11:10:11 AM:423,-1.543458,0.754232,-1.476838,33.34423,150.643,1.921657,RightController
2/24/2017 11:10:11 AM:457,-1.54335,0.75402,-1.477303,33.30798,150.6038,1.833548,RightController
2/24/2017 11:10:11 AM:488,-1.543502,0.7538719,-1.477591,33.30914,150.6034,1.811125,RightController
2/24/2017 11:10:11 AM:521,-1.543587,0.7538325,-1.477603,33.3264,150.6092,1.835179,RightController
2/24/2017 11:10:11 AM:554,-1.543734,0.7537346,-1.477736,33.3207,150.6166,1.707259,RightController
2/24/2017 11:10:11 AM:610,-1.543549,0.7528168,-1.477838,33.50979,150.5758,1.536367,RightController
2/24/2017 11:10:11 AM:644,-1.543484,0.7525949,-1.477862,33.48762,150.5336,1.390842,RightController
2/24/2017 11:10:11 AM:677,-1.543731,0.7526972,-1.477794,33.44624,150.4511,1.297253,RightController
2/24/2017 11:10:11 AM:711,-1.543697,0.7527605,-1.47807,33.3629,150.3523,1.154834,RightController
2/24/2017 11:10:11 AM:755,-1.544114,0.7529608,-1.478614,33.31708,150.2297,1.168512,RightController
2/24/2017 11:10:11 AM:788,-1.544574,0.7529373,-1.478933,33.29428,150.1523,1.15858,RightController
2/24/2017 11:10:11 AM:822,-1.545026,0.7529306,-1.479391,33.29558,149.9308,1.14718,RightController
2/24/2017 11:10:11 AM:856,-1.545252,0.7535417,-1.480346,33.13654,149.7268,1.17017,RightController
2/24/2017 11:10:11 AM:900,-1.545973,0.7540206,-1.48151,32.9725,149.4613,1.299463,RightController
2/24/2017 11:10:11 AM:934,-1.546904,0.7549987,-1.483068,32.77382,149.0046,1.410061,RightController
2/24/2017 11:10:11 AM:968,-1.548059,0.7557106,-1.483945,32.69075,148.6034,1.273811,RightController
2/24/2017 11:10:12 AM:1,-1.54953,0.7559968,-1.484548,32.68742,148.1507,1.043521,RightController
2/24/2017 11:10:12 AM:46,-1.551505,0.7560459,-1.484286,32.65432,147.4885,1.183756,RightController
2/24/2017 11:10:12 AM:79,-1.55462,0.7558144,-1.483626,32.80509,146.5828,1.325796,RightController
2/24/2017 11:10:12 AM:112,-1.557501,0.7553178,-1.482221,33.00777,145.8584,1.180314,RightController
2/24/2017 11:10:12 AM:146,-1.560226,0.7546982,-1.480316,33.33257,145.1681,0.8969416,RightController
2/24/2017 11:10:12 AM:180,-1.563185,0.7542552,-1.478438,33.55294,144.4791,1.273209,RightController
2/24/2017 11:10:12 AM:225,-1.567729,0.7544767,-1.476187,33.56331,144.4402,2.452482,RightController
2/24/2017 11:10:12 AM:258,-1.571099,0.7555691,-1.474856,33.64405,145.103,2.37816,RightController
2/24/2017 11:10:12 AM:292,-1.573533,0.7578179,-1.472953,33.24579,145.5685,2.286064,RightController
2/24/2017 11:10:12 AM:325,-1.574925,0.761457,-1.470849,32.36589,146.2951,2.592209,RightController
2/24/2017 11:10:12 AM:369,-1.576249,0.7650704,-1.468517,31.52041,147.5985,2.542101,RightController
2/24/2017 11:10:12 AM:404,-1.576036,0.7702105,-1.464465,30.15268,149.0449,2.627781,RightController
2/24/2017 11:10:12 AM:437,-1.573341,0.7748169,-1.460377,28.89275,149.5684,3.226557,RightController
2/24/2017 11:10:12 AM:470,-1.569743,0.7785105,-1.455584,27.99114,150.4914,3.535039,RightController
2/24/2017 11:10:12 AM:514,-1.564377,0.7810119,-1.450134,27.20941,151.9386,3.644395,RightController
2/24/2017 11:10:12 AM:549,-1.554978,0.7850815,-1.44211,25.49244,153.3931,4.18017,RightController
2/24/2017 11:10:12 AM:582,-1.545537,0.7883718,-1.43532,24.08811,154.6231,4.46804,RightController
2/24/2017 11:10:12 AM:621,-1.53527,0.7918136,-1.427666,22.99789,156.009,4.207292,RightController
2/24/2017 11:10:12 AM:663,-1.523464,0.7963778,-1.419519,21.73822,157.0481,3.901903,RightController
2/24/2017 11:10:12 AM:694,-1.507665,0.8053403,-1.407549,19.37631,159.1842,3.666668,RightController
2/24/2017 11:10:12 AM:727,-1.496218,0.8139708,-1.39724,17.80338,161.306,2.774846,RightController
2/24/2017 11:10:12 AM:761,-1.484782,0.8229883,-1.385215,16.18841,162.8858,0.5711916,RightController
2/24/2017 11:10:12 AM:794,-1.473627,0.8329551,-1.370045,14.54743,163.6438,0.09664827,RightController
2/24/2017 11:10:12 AM:839,-1.458486,0.8442628,-1.346755,14.43227,163.1201,359.4286,RightController
2/24/2017 11:10:12 AM:873,-1.446493,0.8518261,-1.32941,14.17683,161.0665,358.9018,RightController
2/24/2017 11:10:12 AM:906,-1.436893,0.8588601,-1.315362,13.22794,159.5434,358.9281,RightController
2/24/2017 11:10:12 AM:940,-1.431158,0.8640146,-1.304468,12.45414,159.8906,358.6141,RightController
2/24/2017 11:10:12 AM:983,-1.426499,0.8649015,-1.296026,12.513,160.1057,358.3732,RightController
2/24/2017 11:10:13 AM:18,-1.420307,0.863928,-1.285861,12.71172,159.7944,358.9666,RightController
2/24/2017 11:10:13 AM:51,-1.415397,0.861717,-1.279342,13.31609,159.6487,359.7762,RightController
2/24/2017 11:10:13 AM:85,-1.409595,0.8599792,-1.27343,14.10517,158.836,359.9204,RightController
2/24/2017 11:10:13 AM:129,-1.403165,0.860288,-1.268039,14.20656,157.4514,0.4150776,RightController
2/24/2017 11:10:13 AM:163,-1.396653,0.8622119,-1.262892,14.11524,156.6117,0.28876,RightController
2/24/2017 11:10:13 AM:197,-1.392434,0.8633879,-1.259707,14.17421,155.9794,0.0667552,RightController
2/24/2017 11:10:13 AM:230,-1.387877,0.8640044,-1.257199,14.14466,155.036,0.2593567,RightController
2/24/2017 11:10:13 AM:263,-1.3833,0.863351,-1.255095,14.31759,154.0655,0.395511,RightController
2/24/2017 11:10:13 AM:308,-1.377356,0.8622282,-1.252806,14.73248,152.4782,0.5180149,RightController
2/24/2017 11:10:13 AM:342,-1.373091,0.8617553,-1.252233,14.88128,151.4157,0.5581886,RightController
2/24/2017 11:10:13 AM:375,-1.3699,0.8619413,-1.25191,14.81961,150.5045,0.3135025,RightController
2/24/2017 11:10:13 AM:409,-1.367313,0.8623533,-1.252142,14.67844,149.6857,0.05235101,RightController
2/24/2017 11:10:13 AM:453,-1.366011,0.8636545,-1.252066,14.32649,149.0019,359.7424,RightController
2/24/2017 11:10:13 AM:487,-1.36581,0.8646498,-1.251781,13.91541,148.0103,359.2876,RightController
2/24/2017 11:10:13 AM:521,-1.367522,0.86467,-1.251284,13.87743,147.5219,358.815,RightController
2/24/2017 11:10:13 AM:554,-1.369993,0.8633996,-1.250889,14.23512,147.0362,358.7945,RightController
2/24/2017 11:10:13 AM:598,-1.372946,0.8625242,-1.250084,14.45626,146.3675,359.1123,RightController
2/24/2017 11:10:13 AM:643,-1.379627,0.8618329,-1.248687,14.88198,145.8728,359.4364,RightController
2/24/2017 11:10:13 AM:700,-1.389067,0.8624933,-1.248368,14.77864,146.2071,358.6313,RightController
2/24/2017 11:10:13 AM:732,-1.392098,0.8626657,-1.248624,14.47482,146.7734,358.9399,RightController
2/24/2017 11:10:13 AM:777,-1.398825,0.8620621,-1.248182,14.72286,147.6886,358.6711,RightController
2/24/2017 11:10:13 AM:811,-1.402525,0.8611269,-1.246711,14.98997,147.886,358.5485,RightController
2/24/2017 11:10:13 AM:844,-1.40589,0.8601607,-1.244915,15.14901,147.755,358.8775,RightController
2/24/2017 11:10:13 AM:877,-1.40858,0.8593382,-1.243473,15.48805,147.7788,358.8056,RightController
2/24/2017 11:10:13 AM:922,-1.411535,0.8582736,-1.242753,15.67118,148.0351,358.6579,RightController
2/24/2017 11:10:13 AM:956,-1.415216,0.8566656,-1.242225,15.83133,148.6867,358.7987,RightController
2/24/2017 11:10:13 AM:989,-1.417394,0.8554699,-1.241309,16.06759,149.0671,358.5437,RightController
2/24/2017 11:10:14 AM:22,-1.418703,0.854331,-1.240274,16.1132,149.2477,358.6739,RightController
2/24/2017 11:10:14 AM:67,-1.420168,0.8531054,-1.238934,16.2304,149.571,358.489,RightController
2/24/2017 11:10:14 AM:100,-1.421581,0.8517939,-1.236696,16.43429,149.8056,358.1871,RightController
2/24/2017 11:10:14 AM:134,-1.423301,0.851063,-1.23477,16.4855,149.9697,357.9538,RightController
2/24/2017 11:10:14 AM:168,-1.425052,0.8503038,-1.2332,16.57547,150.1704,357.7849,RightController
2/24/2017 11:10:14 AM:201,-1.427618,0.8489319,-1.231594,16.71946,150.4876,357.8962,RightController
2/24/2017 11:10:14 AM:246,-1.432455,0.8471891,-1.229966,17.03971,151.0966,357.8785,RightController
2/24/2017 11:10:14 AM:280,-1.436448,0.845656,-1.229204,17.41916,151.6624,357.9641,RightController
2/24/2017 11:10:14 AM:313,-1.440437,0.8448453,-1.228731,17.63614,152.1597,358.2234,RightController
2/24/2017 11:10:14 AM:346,-1.444571,0.8443632,-1.228513,17.67811,152.7437,358.4836,RightController
2/24/2017 11:10:14 AM:390,-1.448522,0.8441874,-1.228597,17.78782,153.4406,358.4417,RightController
2/24/2017 11:10:14 AM:425,-1.453177,0.843825,-1.229355,17.8477,154.2741,358.7178,RightController
2/24/2017 11:10:14 AM:458,-1.4559,0.8442538,-1.230253,17.7459,154.8592,358.8604,RightController
2/24/2017 11:10:14 AM:492,-1.45823,0.8447527,-1.231181,17.62846,155.3975,358.7535,RightController
2/24/2017 11:10:14 AM:536,-1.460077,0.8454076,-1.232166,17.4445,155.798,358.8914,RightController
2/24/2017 11:10:14 AM:570,-1.462736,0.8469609,-1.233559,17.03832,156.424,359.0999,RightController
2/24/2017 11:10:14 AM:603,-1.463855,0.8479538,-1.234918,16.63976,156.7741,359.2996,RightController
2/24/2017 11:10:14 AM:637,-1.464509,0.848524,-1.235954,16.37402,157.2408,359.3632,RightController
2/24/2017 11:10:14 AM:693,-1.464669,0.8490942,-1.237296,16.02337,157.6263,359.8766,RightController
2/24/2017 11:10:14 AM:726,-1.463016,0.8485577,-1.23775,15.99183,157.2613,359.7583,RightController
2/24/2017 11:10:14 AM:782,-1.459715,0.8474743,-1.237864,16.23657,156.9505,359.6523,RightController
2/24/2017 11:10:14 AM:815,-1.457252,0.8470378,-1.237623,16.24566,156.6913,359.5085,RightController
2/24/2017 11:10:14 AM:865,-1.452159,0.8464811,-1.23765,16.47376,155.8106,359.466,RightController
2/24/2017 11:10:14 AM:897,-1.448706,0.8457142,-1.23744,16.48603,155.3783,359.4073,RightController
2/24/2017 11:10:14 AM:927,-1.445349,0.8456109,-1.237574,16.51299,155.0624,359.1929,RightController
2/24/2017 11:10:14 AM:961,-1.441632,0.8458176,-1.237926,16.44663,154.6055,359.1792,RightController
2/24/2017 11:10:15 AM:4,-1.438318,0.846097,-1.237908,16.39359,154.1177,359.0067,RightController
2/24/2017 11:10:15 AM:39,-1.434144,0.8460382,-1.237833,16.35656,153.5253,358.8405,RightController
2/24/2017 11:10:15 AM:72,-1.43148,0.8459972,-1.237897,16.34903,153.1293,358.7816,RightController
2/24/2017 11:10:15 AM:106,-1.428878,0.8461975,-1.238145,16.3115,152.8401,358.6256,RightController
2/24/2017 11:10:15 AM:150,-1.426774,0.8463238,-1.238116,16.30933,152.5229,358.4968,RightController
2/24/2017 11:10:15 AM:184,-1.424092,0.8466356,-1.237648,16.15133,152.0836,358.4287,RightController
2/24/2017 11:10:15 AM:218,-1.422497,0.8466619,-1.237366,16.13234,151.8512,358.3148,RightController
2/24/2017 11:10:15 AM:252,-1.421715,0.8462492,-1.236795,16.3657,151.6266,358.1422,RightController
2/24/2017 11:10:15 AM:285,-1.420611,0.8462267,-1.236093,16.37969,151.3103,358.3724,RightController
2/24/2017 11:10:15 AM:329,-1.419963,0.8460829,-1.234893,16.59776,151.0019,358.33,RightController
2/24/2017 11:10:15 AM:363,-1.419767,0.8462754,-1.234224,16.58621,150.9161,358.4125,RightController
2/24/2017 11:10:15 AM:396,-1.419681,0.8461014,-1.233544,16.7106,150.9773,358.2835,RightController
2/24/2017 11:10:15 AM:430,-1.41981,0.8459378,-1.232015,16.74405,150.9129,358.5536,RightController
2/24/2017 11:10:15 AM:474,-1.419622,0.8454213,-1.230058,16.86795,150.9161,358.6671,RightController
2/24/2017 11:10:15 AM:508,-1.418943,0.8453518,-1.226932,16.89693,150.897,358.5966,RightController
2/24/2017 11:10:15 AM:541,-1.418401,0.8450421,-1.223933,16.99368,150.8817,358.5943,RightController
2/24/2017 11:10:15 AM:575,-1.417519,0.84504,-1.220428,16.94929,150.7984,358.4973,RightController
2/24/2017 11:10:15 AM:619,-1.4168,0.8448271,-1.216549,16.94638,150.9072,358.3692,RightController
2/24/2017 11:10:15 AM:654,-1.415782,0.8440404,-1.211073,16.98476,151.0106,358.1382,RightController
2/24/2017 11:10:15 AM:688,-1.414914,0.8432882,-1.207179,17.0115,151.1604,357.9738,RightController
2/24/2017 11:10:15 AM:731,-1.414323,0.8427801,-1.203123,17.03251,151.4243,357.9343,RightController
2/24/2017 11:10:15 AM:777,-1.414391,0.8424152,-1.197648,17.0221,151.9373,357.6146,RightController
2/24/2017 11:10:15 AM:811,-1.414517,0.8427192,-1.192587,16.85516,152.3966,357.637,RightController
2/24/2017 11:10:15 AM:844,-1.414572,0.8427207,-1.188721,16.77471,152.9444,357.4728,RightController
2/24/2017 11:10:15 AM:877,-1.414541,0.8431261,-1.185079,16.67224,153.3301,357.6775,RightController
2/24/2017 11:10:15 AM:911,-1.414819,0.8430307,-1.181076,16.65849,153.8861,357.8428,RightController
2/24/2017 11:10:15 AM:960,-1.414588,0.8429896,-1.175903,16.66399,154.5734,358.2322,RightController
2/24/2017 11:10:16 AM:12,-1.414235,0.8435005,-1.167176,16.47509,155.6396,358.3818,RightController
2/24/2017 11:10:16 AM:45,-1.414346,0.844503,-1.163737,16.30854,156.0211,358.3608,RightController
2/24/2017 11:10:16 AM:88,-1.414025,0.8459799,-1.158387,16.3021,156.2595,358.2514,RightController
2/24/2017 11:10:16 AM:123,-1.414339,0.8478183,-1.150924,15.98406,156.3855,358.4145,RightController
2/24/2017 11:10:16 AM:157,-1.415558,0.8488669,-1.145439,16.10507,156.4087,358.6012,RightController
2/24/2017 11:10:16 AM:190,-1.417717,0.8486427,-1.140081,16.55337,156.6279,358.9425,RightController
2/24/2017 11:10:16 AM:224,-1.419793,0.8476329,-1.136159,17.05804,156.7218,359.2167,RightController
2/24/2017 11:10:16 AM:268,-1.422908,0.8459318,-1.133098,17.57968,156.9982,0.1070552,RightController
2/24/2017 11:10:16 AM:302,-1.425468,0.8444982,-1.13139,18.06404,157.3193,0.5350773,RightController
2/24/2017 11:10:16 AM:335,-1.427356,0.8428894,-1.129884,18.4331,157.4954,1.123137,RightController
2/24/2017 11:10:16 AM:369,-1.427922,0.8415716,-1.128712,18.89283,157.3239,1.585027,RightController
2/24/2017 11:10:16 AM:412,-1.427441,0.8408937,-1.12794,19.08851,157.0523,1.766231,RightController
2/24/2017 11:10:16 AM:447,-1.426264,0.8410673,-1.126983,19.19935,156.6599,1.764544,RightController
2/24/2017 11:10:16 AM:481,-1.424201,0.841279,-1.12677,19.17941,156.2519,1.587316,RightController
2/24/2017 11:10:16 AM:514,-1.421585,0.8416035,-1.126684,19.0504,155.9543,0.9717689,RightController
2/24/2017 11:10:16 AM:563,-1.418965,0.8425119,-1.126614,18.69819,155.5393,0.6025511,RightController
2/24/2017 11:10:16 AM:595,-1.415311,0.8436718,-1.126799,18.37677,154.7573,0.07059484,RightController
2/24/2017 11:10:16 AM:625,-1.412928,0.8438853,-1.127176,18.30596,154.152,359.7726,RightController
2/24/2017 11:10:16 AM:659,-1.410939,0.8437786,-1.127391,18.19229,153.5218,359.6147,RightController
2/24/2017 11:10:16 AM:692,-1.40968,0.8439938,-1.1279,18.04428,153.0116,359.4509,RightController
2/24/2017 11:10:16 AM:737,-1.409142,0.8443401,-1.12883,17.87501,152.64,359.1024,RightController
2/24/2017 11:10:16 AM:775,-1.409081,0.8450936,-1.129838,17.47164,152.0281,358.7926,RightController
2/24/2017 11:10:16 AM:807,-1.410424,0.8456298,-1.130253,17.25701,151.8025,358.4025,RightController
2/24/2017 11:10:16 AM:841,-1.412951,0.8458478,-1.130006,17.0908,151.4434,358.1852,RightController
2/24/2017 11:10:16 AM:889,-1.416222,0.8462611,-1.129288,16.94576,151.1103,357.9814,RightController
2/24/2017 11:10:16 AM:920,-1.423244,0.8467538,-1.127291,16.89984,151.1565,357.8304,RightController
2/24/2017 11:10:16 AM:972,-1.435819,0.8465813,-1.122394,16.59479,151.3119,357.0795,RightController
2/24/2017 11:10:17 AM:5,-1.440384,0.8457928,-1.119933,16.42176,151.491,356.9421,RightController
2/24/2017 11:10:17 AM:51,-1.446843,0.8432238,-1.116892,16.35874,151.9516,356.5418,RightController
2/24/2017 11:10:17 AM:83,-1.453605,0.8388516,-1.111589,16.24776,151.9538,356.9323,RightController
2/24/2017 11:10:17 AM:117,-1.458276,0.8360248,-1.106202,16.48603,152.2809,356.751,RightController
2/24/2017 11:10:17 AM:150,-1.463336,0.8341277,-1.100232,17.0207,152.7584,356.8568,RightController
2/24/2017 11:10:17 AM:184,-1.467615,0.8334181,-1.093982,17.14858,153.017,357.0812,RightController
2/24/2017 11:10:17 AM:229,-1.471903,0.8345778,-1.085821,16.96179,152.1626,356.4445,RightController
2/24/2017 11:10:17 AM:262,-1.475711,0.834644,-1.081059,17.28976,151.908,356.2401,RightController
2/24/2017 11:10:17 AM:295,-1.480193,0.8344568,-1.078598,17.34494,152.3445,356.0229,RightController
2/24/2017 11:10:17 AM:329,-1.484485,0.8340605,-1.077844,17.04683,153.0234,355.9474,RightController
2/24/2017 11:10:17 AM:373,-1.488352,0.832939,-1.077888,16.94022,153.7785,356.0066,RightController
2/24/2017 11:10:17 AM:407,-1.49299,0.8318992,-1.07928,16.56796,155.202,355.9858,RightController
2/24/2017 11:10:17 AM:441,-1.495216,0.8311194,-1.080666,16.28856,156.1871,355.7501,RightController
2/24/2017 11:10:17 AM:474,-1.496648,0.8303571,-1.081685,15.93772,157.0224,355.4512,RightController
2/24/2017 11:10:17 AM:519,-1.497313,0.8294816,-1.08139,15.91369,158.1076,355.5554,RightController
2/24/2017 11:10:17 AM:552,-1.495782,0.8293103,-1.078498,16.41158,159.2934,355.9885,RightController
2/24/2017 11:10:17 AM:586,-1.490483,0.8307558,-1.075473,16.07609,158.2174,354.9458,RightController
2/24/2017 11:10:17 AM:619,-1.483532,0.830889,-1.072177,15.81337,156.3793,354.7981,RightController
2/24/2017 11:10:17 AM:653,-1.476618,0.8298377,-1.06974,15.64339,154.9798,354.7326,RightController
2/24/2017 11:10:17 AM:698,-1.471422,0.8283641,-1.068532,15.6453,155.0741,354.1593,RightController
2/24/2017 11:10:17 AM:731,-1.469451,0.8278785,-1.068133,15.47783,155.9914,353.9706,RightController
2/24/2017 11:10:17 AM:765,-1.466668,0.8280649,-1.066537,15.32631,155.9893,353.542,RightController
2/24/2017 11:10:17 AM:798,-1.462792,0.8282051,-1.063949,15.42536,155.2229,353.506,RightController
2/24/2017 11:10:17 AM:850,-1.458321,0.8274332,-1.060522,15.72347,153.9489,353.7612,RightController
2/24/2017 11:10:17 AM:881,-1.45617,0.8263499,-1.058998,16.01643,153.6068,354.0931,RightController
2/24/2017 11:10:17 AM:921,-1.455571,0.8253667,-1.058514,16.19514,153.5762,354.2527,RightController
2/24/2017 11:10:17 AM:954,-1.455721,0.8251998,-1.058279,16.172,153.6818,354.485,RightController
2/24/2017 11:10:17 AM:999,-1.455991,0.8251708,-1.057807,16.16366,153.9132,354.328,RightController
2/24/2017 11:10:18 AM:33,-1.456222,0.8242841,-1.056476,16.33763,154.0332,354.4779,RightController
2/24/2017 11:10:18 AM:66,-1.455759,0.823137,-1.054925,16.51492,154.0118,354.5306,RightController
2/24/2017 11:10:18 AM:100,-1.455619,0.8225965,-1.05321,16.74052,153.8695,354.6151,RightController
2/24/2017 11:10:18 AM:133,-1.455359,0.8219014,-1.051525,16.92585,153.7698,354.6784,RightController
2/24/2017 11:10:18 AM:178,-1.455469,0.8213803,-1.049403,17.04759,153.7125,354.6686,RightController
2/24/2017 11:10:18 AM:212,-1.455844,0.8209299,-1.048289,17.14173,153.6925,354.6629,RightController
2/24/2017 11:10:18 AM:245,-1.456608,0.8209034,-1.047572,17.12437,153.9031,354.7184,RightController
2/24/2017 11:10:18 AM:279,-1.457566,0.8206859,-1.046674,17.21588,154.0316,354.7997,RightController
2/24/2017 11:10:18 AM:322,-1.458495,0.8205677,-1.045736,17.23992,154.0797,354.8954,RightController
2/24/2017 11:10:18 AM:357,-1.460728,0.8207147,-1.044478,17.26636,154.2561,354.9181,RightController
2/24/2017 11:10:18 AM:390,-1.462662,0.8210087,-1.043887,17.22179,154.4834,355.0281,RightController
2/24/2017 11:10:18 AM:423,-1.464628,0.8211199,-1.043265,17.23394,154.7453,355.0617,RightController
2/24/2017 11:10:18 AM:468,-1.466716,0.8209504,-1.042561,17.29921,154.9621,355.0426,RightController
2/24/2017 11:10:18 AM:501,-1.469599,0.8203398,-1.041543,17.34898,155.2961,355.2338,RightController
2/24/2017 11:10:18 AM:534,-1.471614,0.8200895,-1.041028,17.4163,155.4904,355.2182,RightController
2/24/2017 11:10:18 AM:568,-1.474031,0.8196282,-1.040259,17.40853,155.7024,355.2924,RightController
2/24/2017 11:10:18 AM:602,-1.476244,0.8195014,-1.0397,17.50579,155.9572,355.246,RightController
2/24/2017 11:10:18 AM:649,-1.479501,0.8199111,-1.038483,17.44409,156.29,355.0568,RightController
2/24/2017 11:10:18 AM:679,-1.481757,0.8203723,-1.037497,17.36471,156.4424,354.9541,RightController
2/24/2017 11:10:18 AM:713,-1.483637,0.820788,-1.036449,17.41693,156.5981,354.4751,RightController
2/24/2017 11:10:18 AM:747,-1.485107,0.8211679,-1.034769,17.34671,156.5678,354.1028,RightController
2/24/2017 11:10:18 AM:791,-1.4862,0.8215915,-1.033509,17.24837,156.4446,353.8893,RightController
2/24/2017 11:10:18 AM:833,-1.487875,0.8215716,-1.031227,17.80776,156.8192,352.0519,RightController
2/24/2017 11:10:18 AM:863,-1.488037,0.8219373,-1.028682,17.92078,156.6267,351.2474,RightController
2/24/2017 11:10:18 AM:897,-1.486742,0.822863,-1.025831,17.93046,155.9464,350.9617,RightController
2/24/2017 11:10:18 AM:942,-1.48313,0.8232335,-1.020821,18.00375,154.3153,350.582,RightController
2/24/2017 11:10:18 AM:982,-1.476483,0.8220747,-1.015069,18.64383,152.4711,349.869,RightController
2/24/2017 11:10:19 AM:26,-1.471057,0.8221807,-1.012199,18.88266,151.5698,348.9919,RightController
2/24/2017 11:10:19 AM:60,-1.465191,0.8228627,-1.009523,19.06282,151.0494,348.2776,RightController
2/24/2017 11:10:19 AM:105,-1.455615,0.8240666,-1.006204,19.19444,149.8665,346.8586,RightController
2/24/2017 11:10:19 AM:138,-1.446112,0.82585,-1.003175,18.78013,148.3173,347.5354,RightController
2/24/2017 11:10:19 AM:172,-1.437015,0.8276707,-0.9999359,18.45388,147.0663,347.7614,RightController
2/24/2017 11:10:19 AM:207,-1.428556,0.8294147,-0.9964838,18.13244,146.3834,348.0941,RightController
2/24/2017 11:10:19 AM:250,-1.418051,0.8304899,-0.9906184,18.18464,145.3094,348.2753,RightController
2/24/2017 11:10:19 AM:283,-1.410107,0.8309201,-0.9850507,18.18615,144.3949,348.7489,RightController
2/24/2017 11:10:19 AM:316,-1.402671,0.8307933,-0.9789063,18.44906,143.6312,348.8886,RightController
2/24/2017 11:10:19 AM:350,-1.395654,0.8294131,-0.971826,18.9332,142.9841,349.1874,RightController
2/24/2017 11:10:19 AM:394,-1.388651,0.8286475,-0.9637743,19.4172,142.4679,349.3174,RightController
2/24/2017 11:10:19 AM:429,-1.378559,0.8280079,-0.9502317,19.7827,141.4597,349.2396,RightController
2/24/2017 11:10:19 AM:462,-1.370725,0.826553,-0.9392419,20.14063,140.306,348.9107,RightController
2/24/2017 11:10:19 AM:495,-1.363569,0.8246611,-0.9276859,20.4954,138.809,348.3466,RightController
2/24/2017 11:10:19 AM:529,-1.35796,0.8216485,-0.9163794,20.96346,137.7819,348.5007,RightController
2/24/2017 11:10:19 AM:574,-1.353775,0.8164059,-0.9025294,22.01335,137.7058,348.2762,RightController
2/24/2017 11:10:19 AM:607,-1.352068,0.8135544,-0.8926892,22.74411,137.3803,347.7645,RightController
2/24/2017 11:10:19 AM:640,-1.351182,0.8116852,-0.8832171,23.2956,136.9145,347.7958,RightController
2/24/2017 11:10:19 AM:674,-1.351787,0.8103039,-0.8747603,23.84272,136.3794,347.3928,RightController
2/24/2017 11:10:19 AM:721,-1.354789,0.80882,-0.8665853,24.33828,135.8021,347.6538,RightController
2/24/2017 11:10:19 AM:752,-1.35869,0.8077681,-0.8637667,24.69351,136.2684,348.091,RightController
2/24/2017 11:10:19 AM:785,-1.363689,0.8078539,-0.8636323,24.97038,137.3175,348.4189,RightController
2/24/2017 11:10:19 AM:819,-1.368713,0.8096342,-0.8645654,24.59277,138.046,348.8943,RightController
2/24/2017 11:10:19 AM:871,-1.373562,0.8112903,-0.8668672,24.35348,139.0101,349.3548,RightController
2/24/2017 11:10:19 AM:901,-1.380542,0.8134909,-0.8709056,23.98431,140.5397,349.8562,RightController
2/24/2017 11:10:19 AM:934,-1.385261,0.8153185,-0.874041,23.56228,141.5322,350.4734,RightController
2/24/2017 11:10:19 AM:964,-1.389143,0.8171799,-0.8768902,23.29504,142.3797,350.6383,RightController
2/24/2017 11:10:19 AM:998,-1.392292,0.8186822,-0.8792436,23.00255,143.1304,350.9422,RightController
2/24/2017 11:10:20 AM:43,-1.395164,0.8211342,-0.882107,22.394,143.9347,351.281,RightController
2/24/2017 11:10:20 AM:75,-1.39536,0.8232511,-0.8825904,21.80501,144.061,351.8944,RightController
2/24/2017 11:10:20 AM:110,-1.394407,0.8253305,-0.8828779,21.39005,143.9169,351.7701,RightController
2/24/2017 11:10:20 AM:143,-1.392862,0.8278329,-0.883114,20.76675,143.6693,352.2272,RightController
2/24/2017 11:10:20 AM:187,-1.390663,0.8312503,-0.8839636,19.85939,143.2726,352.9582,RightController
2/24/2017 11:10:20 AM:221,-1.387162,0.8371061,-0.8863294,18.11904,142.9012,353.9932,RightController
2/24/2017 11:10:20 AM:254,-1.384876,0.8418719,-0.8883347,17.07514,142.7542,354.3244,RightController
2/24/2017 11:10:20 AM:288,-1.38205,0.8464983,-0.8905726,15.81381,142.4975,354.8166,RightController
2/24/2017 11:10:20 AM:334,-1.379131,0.8506831,-0.8926452,14.62558,142.0894,355.0225,RightController
2/24/2017 11:10:20 AM:366,-1.374898,0.8559982,-0.8955272,13.33122,141.7375,355.7717,RightController
2/24/2017 11:10:20 AM:400,-1.371784,0.8601387,-0.8973377,12.18926,141.3474,355.9268,RightController
2/24/2017 11:10:20 AM:434,-1.368721,0.8643008,-0.899462,11.09673,140.9347,356.2393,RightController
2/24/2017 11:10:20 AM:467,-1.365995,0.868484,-0.9015065,9.946364,140.8158,357.1319,RightController
2/24/2017 11:10:20 AM:512,-1.363494,0.8755322,-0.905691,7.811513,140.7339,357.6209,RightController
2/24/2017 11:10:20 AM:545,-1.363221,0.8819294,-0.9100314,5.654182,141.1732,358.1379,RightController
2/24/2017 11:10:20 AM:579,-1.364736,0.8900642,-0.915615,2.88952,142.2281,359.1296,RightController
2/24/2017 11:10:20 AM:613,-1.369164,0.8987132,-0.923063,0.0987094,144.3852,357.6541,RightController
2/24/2017 11:10:20 AM:657,-1.376296,0.903927,-0.9330948,359.3406,148.2398,353.7068,RightController
2/24/2017 11:10:20 AM:691,-1.381012,0.9047648,-0.940253,359.7233,150.6395,351.04,RightController
2/24/2017 11:10:20 AM:725,-1.383592,0.9057316,-0.9457006,0.04953659,151.9584,349.1062,RightController
2/24/2017 11:10:20 AM:757,-1.383483,0.9044598,-0.9483275,1.04539,151.6242,349.7324,RightController
2/24/2017 11:10:20 AM:803,-1.381652,0.9035549,-0.949432,1.547112,151.0034,350.0526,RightController
2/24/2017 11:10:20 AM:835,-1.379771,0.9040482,-0.9496997,1.826999,150.9251,349.0077,RightController
2/24/2017 11:10:20 AM:869,-1.376904,0.9050304,-0.9493135,1.758887,150.4155,348.731,RightController
2/24/2017 11:10:20 AM:908,-1.373099,0.9075804,-0.9483467,1.228074,149.7785,348.4963,RightController
2/24/2017 11:10:20 AM:952,-1.369095,0.9093202,-0.9482378,1.163127,149.387,347.8477,RightController
2/24/2017 11:10:20 AM:984,-1.365142,0.9130489,-0.9488708,0.5812945,149.175,346.967,RightController
2/24/2017 11:10:21 AM:15,-1.36295,0.9167551,-0.9496385,0.07322712,149.0533,346.1616,RightController
2/24/2017 11:10:21 AM:48,-1.361522,0.9205402,-0.9511117,359.4176,148.9487,345.4212,RightController
2/24/2017 11:10:21 AM:82,-1.360688,0.9235897,-0.9527156,359.0685,149.0878,344.7511,RightController
2/24/2017 11:10:21 AM:127,-1.360527,0.9278173,-0.9557247,358.7334,149.7298,342.9591,RightController
2/24/2017 11:10:21 AM:159,-1.359848,0.9309578,-0.9574754,358.7216,149.7642,342.3742,RightController
2/24/2017 11:10:21 AM:193,-1.359045,0.9353118,-0.9595066,358.0086,150.3573,341.8918,RightController
2/24/2017 11:10:21 AM:226,-1.358523,0.9414032,-0.9604204,356.6821,150.8418,341.9114,RightController
2/24/2017 11:10:21 AM:272,-1.355906,0.9444935,-0.9609068,356.5771,150.0738,340.9333,RightController
2/24/2017 11:10:21 AM:305,-1.352186,0.9489548,-0.9605137,355.1083,149.4016,341.2047,RightController
2/24/2017 11:10:21 AM:342,-1.350438,0.9523023,-0.9613116,354.0972,149.5151,340.8386,RightController
2/24/2017 11:10:21 AM:372,-1.349821,0.9539806,-0.9624372,353.4886,150.0967,340.4089,RightController
2/24/2017 11:10:21 AM:406,-1.348607,0.9539795,-0.9633114,353.6385,150.3848,340.0779,RightController
2/24/2017 11:10:21 AM:450,-1.347148,0.9533662,-0.9636251,353.7545,150.2269,339.2657,RightController
2/24/2017 11:10:21 AM:483,-1.344644,0.9517548,-0.9626156,354.0504,149.4732,339.8642,RightController
2/24/2017 11:10:21 AM:518,-1.342197,0.9508047,-0.9614117,354.3325,148.6252,340.2885,RightController
2/24/2017 11:10:21 AM:551,-1.340927,0.950018,-0.9604043,354.5376,148.3036,340.1995,RightController
2/24/2017 11:10:21 AM:598,-1.339467,0.9486035,-0.9593257,354.6671,147.9949,340.101,RightController
2/24/2017 11:10:21 AM:632,-1.338651,0.9479989,-0.9587039,354.7683,147.967,340.2881,RightController
2/24/2017 11:10:21 AM:663,-1.33824,0.9478139,-0.9581027,354.9195,147.9318,340.1187,RightController
2/24/2017 11:10:21 AM:697,-1.337566,0.948084,-0.9577608,354.726,147.6674,340.459,RightController
2/24/2017 11:10:21 AM:744,-1.336983,0.9484606,-0.95717,354.5256,147.5988,340.9085,RightController
2/24/2017 11:10:21 AM:785,-1.336612,0.9482934,-0.9565785,355.0065,147.8026,339.54,RightController
2/24/2017 11:10:21 AM:819,-1.336046,0.9462661,-0.9560391,356.5304,148.515,337.2995,RightController
2/24/2017 11:10:21 AM:875,-1.331454,0.9450707,-0.9530075,357.297,146.6234,340.3711,RightController
2/24/2017 11:10:21 AM:920,-1.328966,0.9458475,-0.9505789,356.7039,146.1987,341.8513,RightController
2/24/2017 11:10:21 AM:958,-1.327384,0.9458978,-0.9490508,356.6437,145.9336,341.5033,RightController
2/24/2017 11:10:21 AM:988,-1.325503,0.9456865,-0.9473099,356.3796,145.5083,342.2944,RightController
2/24/2017 11:10:22 AM:20,-1.323455,0.9457418,-0.9463441,356.182,145.2823,343.7533,RightController
2/24/2017 11:10:22 AM:64,-1.322368,0.9461937,-0.9456254,355.9537,145.4921,343.4615,RightController
2/24/2017 11:10:22 AM:98,-1.319654,0.9465792,-0.9446582,355.8644,145.1234,343.5411,RightController
2/24/2017 11:10:22 AM:132,-1.317659,0.9473383,-0.9435736,355.5491,144.6223,343.8641,RightController
2/24/2017 11:10:22 AM:165,-1.315933,0.9484797,-0.9427679,355.2734,144.3289,343.931,RightController
2/24/2017 11:10:22 AM:210,-1.31408,0.9492483,-0.9421616,355.1954,144.0386,343.8832,RightController
2/24/2017 11:10:22 AM:244,-1.312365,0.9512726,-0.941329,354.8147,143.6856,343.9386,RightController
2/24/2017 11:10:22 AM:277,-1.311369,0.9521241,-0.9407238,354.5591,143.4467,344.0609,RightController
2/24/2017 11:10:22 AM:311,-1.31048,0.9530635,-0.9401892,354.4252,143.2952,344.1487,RightController
2/24/2017 11:10:22 AM:344,-1.310607,0.9534403,-0.9395868,354.2908,143.2775,344.058,RightController
2/24/2017 11:10:22 AM:389,-1.310943,0.9539707,-0.9392302,354.2879,143.3124,344.0265,RightController
2/24/2017 11:10:22 AM:423,-1.311336,0.9539081,-0.9389009,354.2529,143.2402,344.1669,RightController
2/24/2017 11:10:22 AM:456,-1.312787,0.9538906,-0.9388891,354.2081,143.4551,343.9487,RightController
2/24/2017 11:10:22 AM:490,-1.313672,0.9534729,-0.9388894,354.3917,143.6803,343.85,RightController
2/24/2017 11:10:22 AM:534,-1.314784,0.952154,-0.9392707,354.873,143.9384,343.5182,RightController
2/24/2017 11:10:22 AM:567,-1.315115,0.9508547,-0.9389368,355.2627,143.9048,343.6046,RightController
2/24/2017 11:10:22 AM:601,-1.315499,0.9497925,-0.9386045,355.4255,143.8969,343.6918,RightController
2/24/2017 11:10:22 AM:635,-1.315794,0.9486203,-0.9382903,355.8826,143.9376,343.502,RightController
2/24/2017 11:10:22 AM:679,-1.316191,0.9476784,-0.9380803,356.1266,143.9158,343.6825,RightController
2/24/2017 11:10:22 AM:713,-1.316177,0.9456167,-0.9375259,356.7157,143.9058,343.7654,RightController
2/24/2017 11:10:22 AM:746,-1.315892,0.9439632,-0.9371011,357.1177,143.9518,343.6055,RightController
2/24/2017 11:10:22 AM:780,-1.315059,0.9422263,-0.9363698,357.4086,143.8062,343.5778,RightController
2/24/2017 11:10:22 AM:814,-1.313979,0.9402026,-0.9350457,357.8265,143.4983,343.8806,RightController
2/24/2017 11:10:22 AM:858,-1.311695,0.9379767,-0.9330225,358.3399,143.057,343.8853,RightController
2/24/2017 11:10:22 AM:892,-1.30974,0.9360708,-0.9312246,358.592,142.6467,344.0768,RightController
2/24/2017 11:10:22 AM:926,-1.308212,0.9344845,-0.9295467,358.9233,142.3541,344.0622,RightController
2/24/2017 11:10:22 AM:963,-1.30683,0.9326947,-0.9275242,359.1926,142.1056,344.1223,RightController
2/24/2017 11:10:23 AM:7,-1.304536,0.9308465,-0.9249603,359.4104,141.5525,344.304,RightController
2/24/2017 11:10:23 AM:39,-1.303408,0.92927,-0.923102,359.5961,141.2404,344.3532,RightController
2/24/2017 11:10:23 AM:71,-1.302101,0.9281377,-0.9212964,359.6333,140.7956,345.0807,RightController
2/24/2017 11:10:23 AM:105,-1.301069,0.9268832,-0.9199222,359.8198,140.5241,345.1008,RightController
2/24/2017 11:10:23 AM:149,-1.300493,0.9264407,-0.9191474,359.9474,140.3688,345.2262,RightController
2/24/2017 11:10:23 AM:183,-1.300215,0.9262472,-0.9186455,359.8228,140.2391,346.0691,RightController
2/24/2017 11:10:23 AM:216,-1.299996,0.9260712,-0.9192336,359.7992,140.2901,346.1472,RightController
2/24/2017 11:10:23 AM:249,-1.300181,0.9256971,-0.9196597,359.8806,140.4168,346.1877,RightController
2/24/2017 11:10:23 AM:283,-1.30064,0.9253621,-0.9201727,359.8428,140.466,346.5902,RightController
2/24/2017 11:10:23 AM:328,-1.301119,0.9257039,-0.9210256,359.854,140.7184,346.7516,RightController
2/24/2017 11:10:23 AM:361,-1.302141,0.9263334,-0.9221301,359.5945,140.987,347.0166,RightController
2/24/2017 11:10:23 AM:395,-1.302739,0.9268931,-0.9231436,359.4424,141.2334,347.3841,RightController
2/24/2017 11:10:23 AM:428,-1.30375,0.9274341,-0.9239891,359.2726,141.4771,347.7764,RightController
2/24/2017 11:10:23 AM:472,-1.304831,0.9281111,-0.925324,359.038,142.0681,348.2218,RightController
2/24/2017 11:10:23 AM:506,-1.305359,0.9283988,-0.9262272,358.9701,142.2978,348.4442,RightController
2/24/2017 11:10:23 AM:540,-1.305518,0.9284158,-0.9268281,358.8275,142.4243,348.5958,RightController
2/24/2017 11:10:23 AM:573,-1.305687,0.9289088,-0.927168,358.6257,142.5105,349.098,RightController
2/24/2017 11:10:23 AM:618,-1.305804,0.929461,-0.9272205,358.3832,142.4759,349.7461,RightController
2/24/2017 11:10:23 AM:652,-1.306356,0.9308913,-0.9279149,357.9954,142.5245,350.0398,RightController
2/24/2017 11:10:23 AM:686,-1.306458,0.9318578,-0.9288737,357.632,142.6757,350.6275,RightController
2/24/2017 11:10:23 AM:719,-1.306737,0.9327687,-0.9298117,357.2309,142.8562,351.0753,RightController
2/24/2017 11:10:23 AM:753,-1.307152,0.9349219,-0.9307524,356.3092,142.9415,352.0933,RightController
2/24/2017 11:10:23 AM:797,-1.307184,0.9399773,-0.9318525,354.8553,143.0051,353.1044,RightController
2/24/2017 11:10:23 AM:831,-1.307554,0.9437022,-0.9336938,354.3371,143.1803,352.8325,RightController
2/24/2017 11:10:23 AM:864,-1.3064,0.9488039,-0.9358736,353.2948,142.8142,353.1318,RightController
2/24/2017 11:10:23 AM:897,-1.302641,0.9555609,-0.9390299,351.8264,141.7175,351.7654,RightController
2/24/2017 11:10:23 AM:948,-1.293212,0.9615132,-0.9465472,351.9424,140.1828,352.0612,RightController
2/24/2017 11:10:23 AM:987,-1.28101,0.9672985,-0.9579279,352.2932,138.6497,351.7687,RightController
2/24/2017 11:10:24 AM:31,-1.269976,0.9689909,-0.9716413,353.5674,138.9171,350.0754,RightController
2/24/2017 11:10:24 AM:65,-1.26117,0.9667816,-0.9803369,354.3961,138.2291,351.5562,RightController
2/24/2017 11:10:24 AM:109,-1.24908,0.9642966,-0.9883985,353.2347,136.2057,354.2909,RightController
2/24/2017 11:10:24 AM:143,-1.240518,0.956086,-0.9941654,354.6382,135.3424,354.0351,RightController
2/24/2017 11:10:24 AM:176,-1.232934,0.9439888,-1.000302,357.0306,134.8563,352.9954,RightController
2/24/2017 11:10:24 AM:210,-1.225194,0.9329928,-1.005265,357.6023,133.7325,355.0167,RightController
2/24/2017 11:10:24 AM:255,-1.216848,0.9200255,-1.013212,358.1108,132.7481,355.4462,RightController
2/24/2017 11:10:24 AM:289,-1.213034,0.9091659,-1.0215,359.7402,133.4604,354.7156,RightController
2/24/2017 11:10:24 AM:321,-1.209977,0.899446,-1.030069,0.7752944,133.9722,355.5858,RightController
2/24/2017 11:10:24 AM:355,-1.205953,0.8920673,-1.037761,0.7111636,133.1756,356.9223,RightController
2/24/2017 11:10:24 AM:401,-1.201493,0.8862109,-1.045515,1.137821,132.6266,357.7042,RightController
2/24/2017 11:10:24 AM:433,-1.197141,0.8776171,-1.057768,2.57846,132.1972,358.1183,RightController
2/24/2017 11:10:24 AM:467,-1.194881,0.8717592,-1.067875,3.137277,132.2146,358.4608,RightController
2/24/2017 11:10:24 AM:500,-1.193686,0.8652673,-1.078165,3.336298,132.2133,359.735,RightController
2/24/2017 11:10:24 AM:535,-1.194998,0.8554097,-1.086244,4.557155,131.6627,2.424507,RightController
2/24/2017 11:10:24 AM:579,-1.200638,0.8358483,-1.094211,8.099607,131.985,3.75959,RightController
2/24/2017 11:10:24 AM:612,-1.207925,0.819015,-1.096213,13.28938,132.0055,2.936393,RightController
2/24/2017 11:10:24 AM:646,-1.214991,0.8083537,-1.09668,14.33397,131.3947,4.654434,RightController
2/24/2017 11:10:24 AM:680,-1.221193,0.8016144,-1.097323,14.93781,131.4771,5.83645,RightController
2/24/2017 11:10:24 AM:725,-1.228551,0.7968411,-1.098609,15.87162,131.6888,3.692392,RightController
2/24/2017 11:10:24 AM:759,-1.233554,0.7970049,-1.099702,15.53544,131.0327,3.958266,RightController
2/24/2017 11:10:24 AM:791,-1.238665,0.7999352,-1.10341,14.5616,131.3919,3.992178,RightController
2/24/2017 11:10:24 AM:825,-1.245379,0.8040295,-1.109514,13.86738,132.5259,2.293012,RightController
2/24/2017 11:10:24 AM:868,-1.250975,0.8103156,-1.116145,12.5556,132.9714,2.688451,RightController
2/24/2017 11:10:24 AM:903,-1.259501,0.8303967,-1.128484,6.797183,135.6429,3.823512,RightController
2/24/2017 11:10:24 AM:936,-1.267026,0.8436468,-1.138809,4.033099,138.2261,1.944064,RightController
2/24/2017 11:10:24 AM:970,-1.274024,0.8558453,-1.147487,1.426203,140.1404,2.511828,RightController
2/24/2017 11:10:25 AM:4,-1.27953,0.8688942,-1.155837,358.3906,141.5843,3.01776,RightController
2/24/2017 11:10:25 AM:59,-1.287828,0.8935012,-1.168131,352.0818,143.4825,5.839512,RightController
2/24/2017 11:10:25 AM:92,-1.293616,0.9088628,-1.175289,349.3636,145.2766,5.639763,RightController
2/24/2017 11:10:25 AM:126,-1.298414,0.9255694,-1.180677,346.3754,146.6894,5.174749,RightController
2/24/2017 11:10:25 AM:160,-1.302623,0.9443959,-1.183615,341.753,147.4403,6.024116,RightController
2/24/2017 11:10:25 AM:205,-1.306706,0.9667742,-1.186129,337.3139,148.4909,6.731025,RightController
2/24/2017 11:10:25 AM:238,-1.308595,0.9795808,-1.186602,335.6722,148.9297,6.55895,RightController
2/24/2017 11:10:25 AM:271,-1.308666,0.9889576,-1.185369,334.5271,148.7319,6.469926,RightController
2/24/2017 11:10:25 AM:305,-1.307936,0.9962405,-1.182465,334.2946,148.0128,7.87447,RightController
2/24/2017 11:10:25 AM:348,-1.308022,1.002498,-1.178979,333.8289,148.2006,7.191978,RightController
2/24/2017 11:10:25 AM:383,-1.307262,1.00774,-1.171997,333.4017,147.7053,7.596477,RightController
2/24/2017 11:10:25 AM:416,-1.306358,1.010298,-1.166126,333.4158,147.4631,8.110189,RightController
2/24/2017 11:10:25 AM:450,-1.305679,1.010764,-1.160187,334.3282,147.8894,7.092782,RightController
2/24/2017 11:10:25 AM:495,-1.304774,1.00943,-1.153873,335.5547,148.1837,5.788164,RightController
2/24/2017 11:10:25 AM:528,-1.301001,1.001776,-1.145109,339.0752,148.2941,3.006514,RightController
2/24/2017 11:10:25 AM:561,-1.295156,0.9911408,-1.137751,343.6905,147.0894,1.243244,RightController
2/24/2017 11:10:25 AM:595,-1.286782,0.9818215,-1.127711,346.0831,144.6073,2.543476,RightController
2/24/2017 11:10:25 AM:628,-1.277932,0.9754333,-1.11581,346.326,141.5752,2.829966,RightController
2/24/2017 11:10:25 AM:674,-1.266673,0.9657263,-1.101587,348.394,138.5412,3.796728,RightController
2/24/2017 11:10:25 AM:706,-1.260817,0.9603773,-1.09425,349.2468,138.7953,1.969773,RightController
2/24/2017 11:10:25 AM:740,-1.256985,0.956955,-1.088269,350.0267,139.0587,0.5701026,RightController
2/24/2017 11:10:25 AM:773,-1.253964,0.953635,-1.083816,350.25,139.9435,359.0297,RightController
2/24/2017 11:10:25 AM:817,-1.252507,0.9490782,-1.081681,351.5934,141.6732,355.6963,RightController
2/24/2017 11:10:25 AM:852,-1.252601,0.9426659,-1.081804,353.1751,143.4929,355.8733,RightController
2/24/2017 11:10:25 AM:908,-1.253906,0.93972,-1.084179,353.159,144.4816,357.4674,RightController
2/24/2017 11:10:25 AM:941,-1.257323,0.9415792,-1.089252,351.889,145.6107,1.078771,RightController
2/24/2017 11:10:25 AM:987,-1.266244,0.9540212,-1.099271,347.3189,148.2896,3.154108,RightController
2/24/2017 11:10:26 AM:19,-1.272974,0.967224,-1.105747,342.6519,149.3674,6.626721,RightController
2/24/2017 11:10:26 AM:53,-1.279617,0.9823979,-1.111588,337.8005,150.7419,7.902927,RightController
2/24/2017 11:10:26 AM:91,-1.285786,0.9987057,-1.116477,333.6838,151.8886,9.285367,RightController
2/24/2017 11:10:26 AM:135,-1.291443,1.019384,-1.120099,328.2884,152.5143,9.915679,RightController
2/24/2017 11:10:26 AM:165,-1.293431,1.032712,-1.121082,326.0604,152.3136,10.24291,RightController
2/24/2017 11:10:26 AM:198,-1.293952,1.045303,-1.12014,323.6611,151.7368,10.96141,RightController
2/24/2017 11:10:26 AM:232,-1.293439,1.056961,-1.11605,320.9631,150.6892,11.78428,RightController
2/24/2017 11:10:26 AM:277,-1.291255,1.067298,-1.110925,320.1432,149.7859,11.94536,RightController
2/24/2017 11:10:26 AM:310,-1.28973,1.073308,-1.105917,319.2079,148.8945,11.90736,RightController
2/24/2017 11:10:26 AM:343,-1.287842,1.076884,-1.101395,319.4996,147.9417,11.89402,RightController
2/24/2017 11:10:26 AM:377,-1.285848,1.078705,-1.097184,320.1807,146.9796,13.07097,RightController
2/24/2017 11:10:26 AM:421,-1.286266,1.082646,-1.092319,319.7261,146.6731,12.77268,RightController
2/24/2017 11:10:26 AM:455,-1.28859,1.088527,-1.086736,318.9305,147.0741,12.63286,RightController
2/24/2017 11:10:26 AM:488,-1.290309,1.092351,-1.084656,319.1,148.0465,11.75593,RightController
2/24/2017 11:10:26 AM:522,-1.292104,1.09711,-1.082062,318.7878,148.4731,11.42495,RightController
2/24/2017 11:10:26 AM:555,-1.293567,1.102499,-1.078695,317.8974,148.2353,11.68835,RightController
2/24/2017 11:10:26 AM:600,-1.294052,1.109388,-1.074766,316.9996,147.7369,11.9789,RightController
2/24/2017 11:10:26 AM:633,-1.294064,1.114655,-1.072339,316.5268,147.1499,12.61597,RightController
2/24/2017 11:10:26 AM:667,-1.294522,1.120657,-1.069298,315.4516,146.661,12.97484,RightController
2/24/2017 11:10:26 AM:711,-1.294722,1.127341,-1.065763,314.613,145.9465,13.70709,RightController
2/24/2017 11:10:26 AM:755,-1.295503,1.13347,-1.062834,313.6621,146.2087,13.27393,RightController
2/24/2017 11:10:26 AM:794,-1.2958,1.137631,-1.060753,312.8965,146.09,13.46487,RightController
2/24/2017 11:10:26 AM:845,-1.29543,1.146214,-1.056241,311.3911,146.0205,13.44419,RightController
2/24/2017 11:10:26 AM:895,-1.295691,1.149136,-1.054466,310.7179,146.0762,13.35903,RightController
2/24/2017 11:10:26 AM:927,-1.29596,1.154707,-1.051607,309.5309,145.9566,13.30257,RightController
2/24/2017 11:10:26 AM:961,-1.295432,1.158254,-1.049962,309.1268,145.8128,13.35698,RightController
2/24/2017 11:10:26 AM:993,-1.295082,1.162137,-1.047734,308.2418,145.4211,13.72392,RightController
2/24/2017 11:10:27 AM:24,-1.295049,1.166089,-1.045675,307.4982,145.0091,14.04512,RightController
2/24/2017 11:10:27 AM:68,-1.2948,1.169825,-1.044662,307.3492,145.1867,13.71224,RightController
2/24/2017 11:10:27 AM:102,-1.29541,1.172148,-1.043566,306.8079,145.4607,13.61014,RightController
2/24/2017 11:10:27 AM:139,-1.295853,1.174418,-1.041975,306.2185,145.4561,13.72167,RightController
2/24/2017 11:10:27 AM:169,-1.296048,1.175876,-1.040973,306.0759,145.369,13.81505,RightController
2/24/2017 11:10:27 AM:214,-1.296,1.177257,-1.040302,306.1199,145.2277,13.87462,RightController
2/24/2017 11:10:27 AM:247,-1.296315,1.178545,-1.039351,305.8485,145.0019,14.19577,RightController
2/24/2017 11:10:27 AM:281,-1.296864,1.180762,-1.038357,305.3477,145.0858,13.96397,RightController
2/24/2017 11:10:27 AM:314,-1.297273,1.183013,-1.037501,305.1215,145.261,13.74036,RightController
2/24/2017 11:10:27 AM:358,-1.29774,1.18553,-1.036522,304.5836,145.3366,13.66929,RightController
2/24/2017 11:10:27 AM:393,-1.298039,1.189241,-1.034561,303.6527,144.9096,14.14595,RightController
2/24/2017 11:10:27 AM:426,-1.298447,1.191584,-1.033531,303.1387,144.7493,14.30755,RightController
2/24/2017 11:10:27 AM:460,-1.299047,1.194072,-1.032109,302.2296,144.3965,15.12152,RightController
2/24/2017 11:10:27 AM:493,-1.298999,1.195624,-1.030903,301.7839,144.0922,15.25514,RightController
2/24/2017 11:10:27 AM:537,-1.298801,1.196181,-1.031127,301.9544,144.1519,15.10314,RightController
2/24/2017 11:10:27 AM:571,-1.298819,1.196192,-1.031269,302.0764,144.0354,15.05114,RightController
2/24/2017 11:10:27 AM:605,-1.299192,1.195704,-1.031463,302.0547,143.8003,15.52844,RightController
2/24/2017 11:10:27 AM:638,-1.29921,1.195114,-1.031566,302.3766,144.0223,15.12546,RightController
2/24/2017 11:10:27 AM:684,-1.299482,1.194606,-1.031907,302.5925,144.0981,15.06808,RightController
2/24/2017 11:10:27 AM:716,-1.299708,1.194811,-1.031551,302.4621,143.9,15.32025,RightController
2/24/2017 11:10:27 AM:750,-1.299428,1.194872,-1.031474,302.5064,143.637,15.59991,RightController
2/24/2017 11:10:27 AM:784,-1.299299,1.195239,-1.031698,302.6359,143.6344,15.52701,RightController
2/24/2017 11:10:27 AM:835,-1.299265,1.196415,-1.031779,302.42,143.5722,15.49543,RightController
2/24/2017 11:10:27 AM:873,-1.298859,1.197816,-1.031476,302.2797,143.339,15.62455,RightController
2/24/2017 11:10:27 AM:906,-1.298392,1.199112,-1.03106,302.0673,143.0889,15.8083,RightController
2/24/2017 11:10:27 AM:940,-1.298095,1.200283,-1.030694,301.9618,142.9784,15.64511,RightController
2/24/2017 11:10:27 AM:983,-1.297553,1.201433,-1.030659,301.9312,142.9084,15.59599,RightController
2/24/2017 11:10:28 AM:18,-1.296889,1.203012,-1.02997,301.6815,142.7646,15.44934,RightController
2/24/2017 11:10:28 AM:85,-1.293314,1.20443,-1.029498,302.6031,143.173,13.0299,RightController
2/24/2017 11:10:28 AM:129,-1.291488,1.203857,-1.029435,303.4189,143.3006,12.05554,RightController
2/24/2017 11:10:28 AM:163,-1.28768,1.203956,-1.026491,303.6104,141.9943,11.3028,RightController
2/24/2017 11:10:28 AM:201,-1.282562,1.202036,-1.0259,305.595,140.6885,10.20667,RightController
2/24/2017 11:10:28 AM:231,-1.2764,1.198218,-1.026279,308.5175,139.1127,9.679332,RightController
2/24/2017 11:10:28 AM:263,-1.27304,1.19594,-1.024768,309.4733,137.7941,9.816382,RightController
2/24/2017 11:10:28 AM:308,-1.271164,1.194671,-1.020282,308.9629,135.1871,13.17718,RightController
2/24/2017 11:10:28 AM:342,-1.271028,1.194384,-1.019299,308.9718,135.0951,13.34614,RightController
2/24/2017 11:10:28 AM:375,-1.272551,1.194479,-1.019724,309.0641,136.4457,11.76156,RightController
2/24/2017 11:10:28 AM:409,-1.274211,1.19469,-1.020475,309.0408,137.2578,11.20476,RightController
2/24/2017 11:10:28 AM:453,-1.275253,1.195143,-1.020069,308.6738,137.0123,11.6606,RightController
2/24/2017 11:10:28 AM:487,-1.276175,1.19607,-1.018982,308.5819,136.2746,12.60265,RightController
2/24/2017 11:10:28 AM:521,-1.276857,1.197174,-1.017956,308.2432,135.6187,13.41834,RightController
2/24/2017 11:10:28 AM:554,-1.277481,1.198517,-1.016652,307.8295,134.4403,14.90072,RightController
2/24/2017 11:10:28 AM:599,-1.277958,1.19988,-1.015769,307.6746,133.6854,15.59464,RightController
2/24/2017 11:10:28 AM:633,-1.279295,1.201307,-1.015184,307.4743,133.2157,16.08549,RightController
2/24/2017 11:10:28 AM:668,-1.280609,1.201941,-1.015342,307.3598,132.8942,16.74701,RightController
2/24/2017 11:10:28 AM:700,-1.2817,1.202536,-1.015505,307.2065,132.6467,17.36569,RightController
2/24/2017 11:10:28 AM:733,-1.283532,1.203503,-1.015857,307.0491,133.0255,16.98884,RightController
2/24/2017 11:10:28 AM:777,-1.285075,1.204593,-1.016531,307.0651,133.4332,16.87861,RightController
2/24/2017 11:10:28 AM:811,-1.285853,1.205668,-1.01611,306.7133,133.2625,17.14998,RightController
2/24/2017 11:10:28 AM:845,-1.286262,1.206928,-1.015125,306.5853,133.0466,17.34856,RightController
2/24/2017 11:10:28 AM:878,-1.286307,1.208093,-1.014305,306.4109,132.7444,17.70651,RightController
2/24/2017 11:10:28 AM:922,-1.286463,1.209312,-1.013286,306.1225,132.5028,17.89809,RightController
2/24/2017 11:10:28 AM:957,-1.28593,1.210626,-1.012086,305.8143,132.2074,18.09734,RightController
2/24/2017 11:10:28 AM:990,-1.284944,1.211126,-1.011341,305.6772,131.7918,18.50656,RightController
2/24/2017 11:10:29 AM:24,-1.283893,1.211921,-1.010581,305.5601,131.3189,18.85824,RightController
2/24/2017 11:10:29 AM:70,-1.282875,1.212471,-1.009959,305.5025,131.0875,19.00544,RightController
2/24/2017 11:10:29 AM:102,-1.281379,1.212834,-1.009274,305.408,130.9946,18.82555,RightController
2/24/2017 11:10:29 AM:135,-1.280866,1.213296,-1.008684,305.3149,130.8838,18.88386,RightController
2/24/2017 11:10:29 AM:169,-1.27979,1.213596,-1.008312,305.3026,130.8243,18.59099,RightController
2/24/2017 11:10:29 AM:207,-1.278905,1.213731,-1.007701,305.3076,130.5379,18.88219,RightController
2/24/2017 11:10:29 AM:252,-1.277928,1.213595,-1.007031,305.2441,130.3804,18.84228,RightController
2/24/2017 11:10:29 AM:283,-1.277167,1.213203,-1.006561,305.2927,130.3809,18.75372,RightController
2/24/2017 11:10:29 AM:318,-1.276221,1.212577,-1.006611,305.4199,130.2859,18.73468,RightController
2/24/2017 11:10:29 AM:349,-1.275851,1.212275,-1.006445,305.4233,130.1793,18.86282,RightController
2/24/2017 11:10:29 AM:392,-1.275578,1.211936,-1.006617,305.5587,130.3403,18.57023,RightController
2/24/2017 11:10:29 AM:426,-1.275368,1.211277,-1.006986,305.7157,130.5861,18.26844,RightController
2/24/2017 11:10:29 AM:459,-1.27512,1.210813,-1.007775,305.938,130.8548,17.61359,RightController
2/24/2017 11:10:29 AM:493,-1.274752,1.210466,-1.007999,305.9413,130.301,19.09015,RightController
2/24/2017 11:10:29 AM:537,-1.275633,1.21072,-1.007838,305.5753,130.8753,18.44277,RightController
2/24/2017 11:10:29 AM:571,-1.276087,1.210394,-1.009355,306.2107,132.1682,16.44063,RightController
2/24/2017 11:10:29 AM:604,-1.275129,1.210196,-1.009392,306.0921,131.7663,17.14782,RightController
2/24/2017 11:10:29 AM:638,-1.274713,1.210113,-1.009237,305.8418,131.5699,17.38859,RightController
2/24/2017 11:10:29 AM:671,-1.274713,1.210264,-1.00944,305.456,131.8026,17.37498,RightController
2/24/2017 11:10:29 AM:718,-1.274843,1.210203,-1.010055,305.4838,132.6983,15.80928,RightController
2/24/2017 11:10:29 AM:750,-1.27398,1.209375,-1.010783,306.0425,132.5019,15.8226,RightController
2/24/2017 11:10:29 AM:783,-1.273327,1.208938,-1.01034,305.9773,131.761,16.89764,RightController
2/24/2017 11:10:29 AM:817,-1.272716,1.208807,-1.010143,305.8952,131.782,16.53575,RightController
2/24/2017 11:10:29 AM:861,-1.272471,1.208992,-1.010001,305.7738,132.0985,16.15504,RightController
2/24/2017 11:10:29 AM:895,-1.272301,1.208875,-1.009634,305.666,132.0217,16.5651,RightController
2/24/2017 11:10:29 AM:928,-1.271734,1.20867,-1.009619,305.6862,132.0898,16.4421,RightController
2/24/2017 11:10:29 AM:962,-1.271312,1.208317,-1.009624,305.7983,132.1074,16.3289,RightController
2/24/2017 11:10:30 AM:6,-1.270388,1.207925,-1.009256,305.8539,131.9051,16.53135,RightController
2/24/2017 11:10:30 AM:40,-1.270064,1.207857,-1.008613,305.7609,131.8349,16.59516,RightController
2/24/2017 11:10:30 AM:74,-1.269959,1.207863,-1.008519,305.774,131.9035,16.46213,RightController
2/24/2017 11:10:30 AM:107,-1.270013,1.207886,-1.00834,305.6813,131.8501,16.59189,RightController
2/24/2017 11:10:30 AM:141,-1.270015,1.207859,-1.00785,305.4858,131.6818,16.83406,RightController
2/24/2017 11:10:30 AM:186,-1.269679,1.207566,-1.00791,305.656,131.8132,16.51895,RightController
2/24/2017 11:10:30 AM:224,-1.269597,1.20746,-1.007734,305.5893,131.8975,16.54737,RightController
2/24/2017 11:10:30 AM:255,-1.269748,1.207567,-1.007471,305.4809,131.9722,16.42166,RightController
2/24/2017 11:10:30 AM:286,-1.269905,1.207221,-1.007294,305.4797,131.7654,16.64622,RightController
2/24/2017 11:10:30 AM:330,-1.269708,1.20688,-1.007439,305.61,131.8463,16.5269,RightController
2/24/2017 11:10:30 AM:364,-1.270023,1.206901,-1.00735,305.5475,131.8886,16.53247,RightController
2/24/2017 11:10:30 AM:398,-1.270104,1.206702,-1.007442,305.6241,131.8839,16.46207,RightController
2/24/2017 11:10:30 AM:432,-1.270226,1.206342,-1.0073,305.6855,131.8509,16.57455,RightController
2/24/2017 11:10:30 AM:476,-1.270294,1.206409,-1.007159,305.5759,131.7702,16.75968,RightController
2/24/2017 11:10:30 AM:509,-1.270429,1.206139,-1.007534,305.5628,131.9736,16.51188,RightController
2/24/2017 11:10:30 AM:543,-1.270553,1.206191,-1.007989,305.6739,132.0683,16.48773,RightController
2/24/2017 11:10:30 AM:576,-1.270714,1.206553,-1.008169,305.5684,132.1059,16.52227,RightController
2/24/2017 11:10:30 AM:610,-1.270894,1.206691,-1.008165,305.482,132.1775,16.41745,RightController
2/24/2017 11:10:30 AM:665,-1.270547,1.207081,-1.008149,305.427,132.0572,16.56433,RightController
2/24/2017 11:10:30 AM:698,-1.27036,1.207358,-1.008188,305.3161,131.9737,16.6044,RightController
2/24/2017 11:10:30 AM:732,-1.270381,1.207483,-1.007868,305.2651,131.9669,16.65785,RightController
2/24/2017 11:10:30 AM:782,-1.270445,1.207611,-1.007768,305.2668,132.1788,16.35431,RightController
2/24/2017 11:10:30 AM:814,-1.270308,1.207552,-1.007588,305.2481,132.1631,16.30362,RightController
2/24/2017 11:10:30 AM:843,-1.269866,1.207369,-1.00723,305.2167,132.0379,16.40171,RightController
2/24/2017 11:10:30 AM:876,-1.270069,1.207557,-1.006827,305.1529,131.9982,16.30781,RightController
2/24/2017 11:10:30 AM:910,-1.269617,1.207316,-1.006622,305.1728,131.8623,16.50695,RightController
2/24/2017 11:10:30 AM:955,-1.269586,1.207965,-1.004898,304.7449,131.0294,17.69472,RightController
2/24/2017 11:10:30 AM:988,-1.269146,1.208406,-1.00261,304.2697,129.651,19.12646,RightController
2/24/2017 11:10:31 AM:22,-1.267883,1.208959,-1.00083,304.2122,128.5367,20.07964,RightController
2/24/2017 11:10:31 AM:55,-1.267188,1.209023,-0.9992082,304.158,127.7051,20.64206,RightController
2/24/2017 11:10:31 AM:99,-1.266401,1.209142,-0.9984779,304.2189,127.4785,20.49416,RightController
2/24/2017 11:10:31 AM:134,-1.265942,1.209813,-0.9979354,303.9878,127.9208,19.78473,RightController
2/24/2017 11:10:31 AM:168,-1.265491,1.210151,-0.9976679,303.9379,128.3066,19.13239,RightController
2/24/2017 11:10:31 AM:201,-1.264521,1.210685,-0.9965338,303.8416,128.1135,19.14977,RightController
2/24/2017 11:10:31 AM:234,-1.263936,1.211418,-0.9955711,303.6267,127.68,19.28438,RightController
2/24/2017 11:10:31 AM:290,-1.263474,1.212662,-0.9947767,303.5474,127.3284,19.33768,RightController
2/24/2017 11:10:31 AM:324,-1.26329,1.213505,-0.994282,303.3846,127.2359,19.3692,RightController
2/24/2017 11:10:31 AM:357,-1.263502,1.214304,-0.9938442,303.1747,127.262,19.26237,RightController
2/24/2017 11:10:31 AM:391,-1.263408,1.214944,-0.9936912,303.1821,127.2872,19.17756,RightController
2/24/2017 11:10:31 AM:435,-1.263283,1.215614,-0.993383,302.9814,127.3179,19.03182,RightController
2/24/2017 11:10:31 AM:468,-1.263135,1.215752,-0.9928089,302.9368,127.3002,18.94763,RightController
2/24/2017 11:10:31 AM:502,-1.262599,1.215904,-0.9923782,302.9852,127.1749,18.92178,RightController
2/24/2017 11:10:31 AM:535,-1.262342,1.215815,-0.9920722,303.0496,127.0318,19.02934,RightController
2/24/2017 11:10:31 AM:581,-1.261925,1.215678,-0.9913955,302.9821,127.0391,18.93225,RightController
2/24/2017 11:10:31 AM:614,-1.261837,1.215747,-0.9913247,303.0289,127.1286,18.80256,RightController
2/24/2017 11:10:31 AM:648,-1.261486,1.215497,-0.9913089,303.0273,127.1584,18.71466,RightController
2/24/2017 11:10:31 AM:681,-1.261458,1.215415,-0.9911937,303.0408,127.0975,18.76088,RightController
2/24/2017 11:10:31 AM:728,-1.261227,1.215703,-0.990889,302.9745,127.0668,18.78643,RightController
2/24/2017 11:10:31 AM:761,-1.260778,1.215975,-0.9910364,303.0088,127.0847,18.78525,RightController
2/24/2017 11:10:31 AM:797,-1.260771,1.216429,-0.9907002,302.8498,127.0108,18.79565,RightController
2/24/2017 11:10:31 AM:828,-1.260733,1.217075,-0.9904472,302.7252,127.0157,18.77749,RightController
2/24/2017 11:10:31 AM:861,-1.26048,1.217462,-0.9901904,302.6489,127.1226,18.52796,RightController
2/24/2017 11:10:31 AM:905,-1.259765,1.217721,-0.9898636,302.6036,127.1401,18.39484,RightController
2/24/2017 11:10:31 AM:939,-1.259055,1.217834,-0.9893359,302.5613,127.2229,18.00066,RightController
2/24/2017 11:10:31 AM:972,-1.25855,1.218448,-0.9886484,302.5572,127.4428,17.35382,RightController
2/24/2017 11:10:32 AM:6,-1.258031,1.21894,-0.9877666,302.5057,128.1233,16.00662,RightController
2/24/2017 11:10:32 AM:50,-1.257584,1.220483,-0.9872557,302.7825,130.0856,11.76562,RightController
2/24/2017 11:10:32 AM:83,-1.255825,1.222354,-0.9861742,303.2495,132.4531,6.003713,RightController
2/24/2017 11:10:32 AM:117,-1.254121,1.224305,-0.989186,305.2028,138.1987,353.9708,RightController
2/24/2017 11:10:32 AM:150,-1.251723,1.226267,-0.9933033,308.484,145.5484,342.5546,RightController
2/24/2017 11:10:32 AM:195,-1.250415,1.228583,-0.9954467,310.938,150.557,331.5295,RightController
2/24/2017 11:10:32 AM:228,-1.244789,1.234786,-0.9884926,309.6838,149.9917,332.497,RightController
2/24/2017 11:10:32 AM:262,-1.239601,1.239661,-0.9805739,308.0661,147.0904,334.0094,RightController
2/24/2017 11:10:32 AM:307,-1.231923,1.242849,-0.9703255,307.1613,141.6024,339.1798,RightController
2/24/2017 11:10:32 AM:350,-1.228399,1.244487,-0.9637126,305.538,137.9035,344.4085,RightController
2/24/2017 11:10:32 AM:385,-1.224659,1.244879,-0.9579314,304.3848,134.3633,348.741,RightController
2/24/2017 11:10:32 AM:418,-1.222597,1.244101,-0.9565543,304.3567,133.3827,350.1088,RightController
2/24/2017 11:10:32 AM:452,-1.221017,1.242491,-0.9559292,304.2698,132.6055,352.409,RightController
2/24/2017 11:10:32 AM:503,-1.220747,1.241885,-0.9555122,304.1589,133.0309,351.9907,RightController
2/24/2017 11:10:32 AM:535,-1.218076,1.241634,-0.9504231,302.8874,129.7459,356.8307,RightController
2/24/2017 11:10:32 AM:566,-1.215239,1.241621,-0.9469696,303.1254,128.0768,357.7302,RightController
2/24/2017 11:10:32 AM:598,-1.211674,1.24095,-0.9435839,303.432,126.9009,357.9694,RightController
2/24/2017 11:10:32 AM:631,-1.208918,1.240521,-0.9405757,303.4509,126.028,357.7949,RightController
2/24/2017 11:10:32 AM:674,-1.206235,1.240054,-0.9381226,303.5538,125.2917,358.2231,RightController
2/24/2017 11:10:32 AM:710,-1.203207,1.239431,-0.9358728,303.757,125.4171,357.1386,RightController
2/24/2017 11:10:32 AM:766,-1.198184,1.235506,-0.9333475,305.2108,125.1436,355.861,RightController
2/24/2017 11:10:32 AM:799,-1.196428,1.233323,-0.9318651,305.7541,124.3867,356.2086,RightController
2/24/2017 11:10:32 AM:844,-1.19346,1.228821,-0.9293033,306.8046,123.0283,357.0876,RightController
2/24/2017 11:10:32 AM:877,-1.1909,1.224837,-0.9279833,307.9201,122.5049,357.0495,RightController
2/24/2017 11:10:32 AM:910,-1.188959,1.221104,-0.9267356,308.8214,121.7483,357.6081,RightController
2/24/2017 11:10:32 AM:944,-1.18773,1.217468,-0.926269,309.6733,121.2795,358.0891,RightController
2/24/2017 11:10:32 AM:989,-1.1858,1.212354,-0.9269708,311.0844,121.8039,356.7514,RightController
2/24/2017 11:10:33 AM:22,-1.184004,1.208073,-0.9273721,312.684,121.4803,356.2085,RightController
2/24/2017 11:10:33 AM:55,-1.178789,1.200519,-0.92828,316.297,120.3329,356.8093,RightController
2/24/2017 11:10:33 AM:89,-1.173172,1.191731,-0.9278913,319.5572,118.891,357.7114,RightController
2/24/2017 11:10:33 AM:134,-1.168249,1.181991,-0.9270848,322.7756,116.9488,359.1553,RightController
2/24/2017 11:10:33 AM:169,-1.160463,1.16348,-0.9270331,330.0704,115.0333,1.242846,RightController
2/24/2017 11:10:33 AM:201,-1.154793,1.146764,-0.9272243,335.6796,114.2454,1.959021,RightController
2/24/2017 11:10:33 AM:236,-1.150494,1.126675,-0.9244905,342.4868,112.6306,2.589388,RightController
2/24/2017 11:10:33 AM:269,-1.147672,1.105392,-0.9176602,348.8687,109.2432,4.343815,RightController
2/24/2017 11:10:33 AM:313,-1.146864,1.075709,-0.9051865,356.9768,104.9218,6.87677,RightController
2/24/2017 11:10:33 AM:353,-1.148349,1.060686,-0.897427,358.7161,102.5334,6.774571,RightController
2/24/2017 11:10:33 AM:386,-1.149845,1.047121,-0.8925582,0.7450264,102.0195,6.219084,RightController
2/24/2017 11:10:33 AM:458,-1.152526,1.023632,-0.8837812,5.693594,100.4823,6.92994,RightController
2/24/2017 11:10:33 AM:492,-1.150145,1.031512,-0.8833119,3.086963,100.3006,8.166263,RightController
2/24/2017 11:10:33 AM:526,-1.147524,1.042488,-0.8850962,359.9918,100.9437,7.197015,RightController
2/24/2017 11:10:33 AM:559,-1.144489,1.061688,-0.8896511,354.6566,102.5077,7.222963,RightController
2/24/2017 11:10:33 AM:604,-1.142738,1.082847,-0.893307,348.7525,103.4309,7.018095,RightController
2/24/2017 11:10:33 AM:637,-1.141334,1.105193,-0.8979267,344.5415,104.919,5.960411,RightController
2/24/2017 11:10:33 AM:671,-1.140499,1.116131,-0.9006984,342.6205,105.6227,7.257637,RightController
2/24/2017 11:10:33 AM:704,-1.139586,1.124688,-0.9024944,340.5468,106.1285,8.449398,RightController
2/24/2017 11:10:33 AM:739,-1.139571,1.129653,-0.9047238,339.3449,107.0399,7.629471,RightController
2/24/2017 11:10:33 AM:784,-1.139656,1.132045,-0.9078819,338.6997,108.0329,7.903504,RightController
2/24/2017 11:10:33 AM:816,-1.139904,1.130323,-0.9097319,338.8358,108.2869,8.535272,RightController
2/24/2017 11:10:33 AM:853,-1.140335,1.127887,-0.9117261,338.9959,108.7825,9.14234,RightController
2/24/2017 11:10:33 AM:884,-1.140618,1.124718,-0.9139122,339.7173,109.5591,8.42415,RightController
2/24/2017 11:10:33 AM:928,-1.140922,1.12154,-0.9152834,339.765,109.9258,8.604384,RightController
2/24/2017 11:10:33 AM:961,-1.141339,1.119881,-0.9163558,339.8482,110.3527,8.823806,RightController
2/24/2017 11:10:33 AM:995,-1.141938,1.119301,-0.9174792,339.6681,111.0032,8.294777,RightController
2/24/2017 11:10:34 AM:28,-1.142545,1.120173,-0.9184952,339.0499,111.4894,8.204284,RightController
2/24/2017 11:10:34 AM:74,-1.142707,1.12129,-0.9191464,338.3857,111.5807,8.568892,RightController
2/24/2017 11:10:34 AM:107,-1.145115,1.126595,-0.9186975,336.2029,112.0168,9.058179,RightController
2/24/2017 11:10:34 AM:140,-1.145949,1.129344,-0.9186283,335.6538,112.4216,7.36908,RightController
2/24/2017 11:10:34 AM:173,-1.145381,1.130314,-0.9181754,335.8242,112.1043,7.677697,RightController
2/24/2017 11:10:34 AM:207,-1.144295,1.13107,-0.917506,335.7759,111.54,8.30915,RightController
2/24/2017 11:10:34 AM:252,-1.142805,1.131598,-0.9172475,335.6689,111.1413,8.024129,RightController
2/24/2017 11:10:34 AM:285,-1.142085,1.131336,-0.9169461,335.6679,110.7639,8.341331,RightController
2/24/2017 11:10:34 AM:319,-1.140745,1.130662,-0.9167979,335.61,110.3503,9.053814,RightController
2/24/2017 11:10:34 AM:353,-1.140647,1.129831,-0.9176197,335.8353,110.8074,8.923668,RightController
2/24/2017 11:10:34 AM:406,-1.140892,1.129303,-0.9189001,335.7998,111.4671,8.002602,RightController
2/24/2017 11:10:34 AM:453,-1.140914,1.129733,-0.9193852,335.4296,111.4445,8.414699,RightController
2/24/2017 11:10:34 AM:520,-1.140041,1.129677,-0.9206024,335.4926,111.9149,7.852849,RightController
2/24/2017 11:10:34 AM:564,-1.140013,1.129495,-0.9209172,335.4464,112.1182,7.556083,RightController
2/24/2017 11:10:34 AM:599,-1.139719,1.128717,-0.9212568,335.7802,112.3981,6.55199,RightController
2/24/2017 11:10:34 AM:631,-1.139152,1.127105,-0.9217477,336.2317,112.4634,6.183703,RightController
2/24/2017 11:10:34 AM:665,-1.138819,1.124254,-0.922717,337.4772,113.0293,4.354341,RightController
2/24/2017 11:10:34 AM:711,-1.13791,1.11639,-0.9261698,340.543,114.6915,359.2765,RightController
2/24/2017 11:10:34 AM:743,-1.136448,1.10219,-0.9302719,346.6375,116.0954,354.9126,RightController
2/24/2017 11:10:34 AM:777,-1.135304,1.087692,-0.9319454,352.0918,116.229,355.8758,RightController
2/24/2017 11:10:34 AM:811,-1.135427,1.079921,-0.9322274,352.475,115.5955,359.1362,RightController
2/24/2017 11:10:34 AM:854,-1.135999,1.075037,-0.9313225,352.6487,114.8564,0.8432641,RightController
2/24/2017 11:10:34 AM:888,-1.137206,1.069497,-0.9320569,353.9132,115.8516,358.9861,RightController
2/24/2017 11:10:34 AM:925,-1.13764,1.067864,-0.9321994,353.6534,115.9748,359.4743,RightController
2/24/2017 11:10:34 AM:955,-1.13668,1.068779,-0.9314069,353.048,115.6704,0.2044154,RightController
2/24/2017 11:10:34 AM:989,-1.135396,1.07018,-0.9314253,352.5784,115.855,359.9725,RightController
2/24/2017 11:10:35 AM:35,-1.133202,1.073333,-0.9325847,351.5068,116.6261,0.3672586,RightController
2/24/2017 11:10:35 AM:67,-1.1315,1.078537,-0.9339809,349.3011,117.4582,1.443913,RightController
2/24/2017 11:10:35 AM:101,-1.13,1.084151,-0.9352573,347.159,118.4047,1.688689,RightController
2/24/2017 11:10:35 AM:134,-1.129398,1.090249,-0.9355895,344.7498,118.9967,1.218499,RightController
2/24/2017 11:10:35 AM:184,-1.128357,1.10031,-0.9342869,340.9423,119.1569,0.07140992,RightController
2/24/2017 11:10:35 AM:217,-1.126101,1.103314,-0.9343193,339.7036,119.7576,0.2682161,RightController
2/24/2017 11:10:35 AM:247,-1.123325,1.106749,-0.9328822,338.3775,119.629,359.7441,RightController
2/24/2017 11:10:35 AM:280,-1.120445,1.109573,-0.931331,336.8964,119.5295,359.94,RightController
2/24/2017 11:10:35 AM:326,-1.118078,1.111641,-0.9297603,335.3846,119.6901,359.609,RightController
2/24/2017 11:10:35 AM:357,-1.113489,1.111624,-0.9261169,334.752,118.769,358.5574,RightController
2/24/2017 11:10:35 AM:391,-1.109915,1.110394,-0.9225302,334.6404,117.6418,358.8459,RightController
2/24/2017 11:10:35 AM:425,-1.106478,1.108369,-0.919571,335.0552,116.6554,359.444,RightController
2/24/2017 11:10:35 AM:475,-1.103583,1.105476,-0.917575,335.8441,116.4375,358.8806,RightController
2/24/2017 11:10:35 AM:508,-1.100728,1.101387,-0.9153847,337.7116,115.9293,356.9435,RightController
2/24/2017 11:10:35 AM:541,-1.098951,1.098334,-0.9120717,338.8541,114.8358,355.4552,RightController
2/24/2017 11:10:35 AM:571,-1.096569,1.092931,-0.9099692,340.8156,114.2684,354.4779,RightController
2/24/2017 11:10:35 AM:606,-1.095098,1.089568,-0.9070841,341.4908,113.3808,354.8497,RightController
2/24/2017 11:10:35 AM:659,-1.093242,1.083584,-0.9050707,342.7218,112.7908,355.4214,RightController
2/24/2017 11:10:35 AM:693,-1.092956,1.080992,-0.904116,343.0044,112.4563,355.9024,RightController
2/24/2017 11:10:35 AM:731,-1.092982,1.078994,-0.9030426,343.0067,111.7396,356.2938,RightController
2/24/2017 11:10:35 AM:783,-1.094007,1.077618,-0.9021015,342.6898,111.3024,357.0355,RightController
2/24/2017 11:10:35 AM:817,-1.09513,1.0759,-0.9033873,343.3598,111.609,356.5475,RightController
2/24/2017 11:10:35 AM:852,-1.096898,1.075517,-0.9047501,343.302,111.8316,356.5789,RightController
2/24/2017 11:10:35 AM:887,-1.098722,1.075725,-0.9061116,343.0199,112.0627,356.9312,RightController
2/24/2017 11:10:35 AM:939,-1.100701,1.075946,-0.9087853,342.9756,112.594,356.5376,RightController
2/24/2017 11:10:35 AM:983,-1.10269,1.075295,-0.9128731,342.8993,113.471,357.0334,RightController
2/24/2017 11:10:36 AM:39,-1.105797,1.077125,-0.9190871,341.8488,114.6268,357.0893,RightController
2/24/2017 11:10:36 AM:73,-1.106557,1.07846,-0.9200507,341.3954,114.546,358.282,RightController
2/24/2017 11:10:36 AM:132,-1.109102,1.082984,-0.9223883,339.4932,114.9244,356.9569,RightController
2/24/2017 11:10:36 AM:167,-1.109561,1.084265,-0.9225087,339.3685,114.808,356.9295,RightController
2/24/2017 11:10:36 AM:207,-1.109378,1.08407,-0.9213524,339.7502,114.34,357.4996,RightController
2/24/2017 11:10:36 AM:255,-1.109969,1.084119,-0.9209355,339.5048,114.629,357.1063,RightController
2/24/2017 11:10:36 AM:290,-1.110983,1.083436,-0.9201679,339.5086,114.6781,357.0197,RightController
2/24/2017 11:10:36 AM:352,-1.114047,1.081736,-0.918319,339.8596,114.2757,357.5598,RightController
2/24/2017 11:10:36 AM:388,-1.1165,1.081972,-0.9186086,339.781,114.4557,357.2778,RightController
2/24/2017 11:10:36 AM:435,-1.120897,1.081241,-0.9198746,340.0017,114.5736,357.4385,RightController
2/24/2017 11:10:36 AM:469,-1.125009,1.080982,-0.9211867,340.0754,114.4639,357.7545,RightController
2/24/2017 11:10:36 AM:508,-1.130804,1.081026,-0.9249249,339.8754,114.64,358.491,RightController
2/24/2017 11:10:36 AM:542,-1.135715,1.080427,-0.929271,339.9846,115.4946,358.5045,RightController
2/24/2017 11:10:36 AM:597,-1.142873,1.080313,-0.9375781,340.1754,116.8132,359.0038,RightController
2/24/2017 11:10:36 AM:632,-1.148563,1.080921,-0.9441561,340.065,118.051,359.3275,RightController
2/24/2017 11:10:36 AM:676,-1.15268,1.081761,-0.9481329,340.0832,119.0976,358.9376,RightController
2/24/2017 11:10:36 AM:721,-1.155519,1.082153,-0.9512046,340.1809,119.7282,359.0458,RightController
2/24/2017 11:10:36 AM:759,-1.158097,1.082363,-0.9534596,340.547,120.0203,359.1281,RightController
2/24/2017 11:10:36 AM:805,-1.159966,1.082051,-0.9548633,340.7951,120.3612,358.9767,RightController
2/24/2017 11:10:36 AM:866,-1.161268,1.078301,-0.957415,342.6922,121.8303,357.5811,RightController
2/24/2017 11:10:36 AM:922,-1.161508,1.073123,-0.9580426,344.5582,122.648,357.1504,RightController
2/24/2017 11:10:36 AM:956,-1.161753,1.071145,-0.9569376,344.7147,122.2531,358.1479,RightController
2/24/2017 11:10:36 AM:994,-1.161455,1.069273,-0.9558409,345.2472,122.2446,358.6907,RightController
2/24/2017 11:10:37 AM:48,-1.161785,1.067469,-0.9557683,345.5104,122.7145,359.1321,RightController
2/24/2017 11:10:37 AM:83,-1.161595,1.066028,-0.9548802,346.1384,122.2854,358.6946,RightController
2/24/2017 11:10:37 AM:145,-1.162493,1.067518,-0.9533725,345.4951,121.5406,358.9188,RightController
2/24/2017 11:10:37 AM:178,-1.162879,1.068103,-0.953415,345.1477,121.5785,359.1371,RightController
2/24/2017 11:10:37 AM:226,-1.163817,1.069476,-0.9539926,344.7472,121.8788,359.2282,RightController
2/24/2017 11:10:37 AM:259,-1.164411,1.07006,-0.9545016,344.4554,122.0773,359.3461,RightController
2/24/2017 11:10:37 AM:294,-1.164789,1.07045,-0.9552397,344.3674,122.2795,359.304,RightController
2/24/2017 11:10:37 AM:327,-1.164883,1.070468,-0.9551636,344.456,122.3955,358.9453,RightController
2/24/2017 11:10:37 AM:375,-1.16596,1.070827,-0.9545451,344.5735,122.064,358.3436,RightController
2/24/2017 11:10:37 AM:413,-1.166358,1.069711,-0.9544747,345.0191,121.8793,358.4536,RightController
2/24/2017 11:10:37 AM:446,-1.166715,1.069035,-0.954535,345.1658,121.7524,358.799,RightController
2/24/2017 11:10:37 AM:480,-1.167758,1.069054,-0.954599,344.8963,121.6186,359.4427,RightController
2/24/2017 11:10:37 AM:529,-1.169653,1.069773,-0.9555256,344.6925,121.6712,359.6679,RightController
2/24/2017 11:10:37 AM:563,-1.171098,1.070547,-0.9566112,344.5454,121.694,359.7903,RightController
2/24/2017 11:10:37 AM:596,-1.17326,1.0721,-0.9582185,344.3038,121.7592,0.2861327,RightController
2/24/2017 11:10:37 AM:629,-1.175916,1.074277,-0.9603983,343.9579,122.1338,0.5458331,RightController
2/24/2017 11:10:37 AM:677,-1.178699,1.076712,-0.9633421,343.7172,122.593,0.9118888,RightController
2/24/2017 11:10:37 AM:715,-1.184495,1.081781,-0.9685091,343.05,123.2812,1.422893,RightController
2/24/2017 11:10:37 AM:771,-1.1921,1.088054,-0.975757,342.3727,124.348,2.01664,RightController
2/24/2017 11:10:37 AM:803,-1.194725,1.089483,-0.977986,342.3933,124.8073,2.072264,RightController
2/24/2017 11:10:37 AM:851,-1.199159,1.091084,-0.9819968,342.3118,125.547,2.138487,RightController
2/24/2017 11:10:37 AM:885,-1.202094,1.091693,-0.9843001,342.5151,125.8949,1.993156,RightController
2/24/2017 11:10:37 AM:921,-1.20511,1.091321,-0.9863222,342.6407,126.5577,1.551107,RightController
2/24/2017 11:10:37 AM:960,-1.208544,1.089431,-0.9894987,343.2361,127.9154,1.033469,RightController
2/24/2017 11:10:38 AM:16,-1.211578,1.086707,-0.9899123,343.7275,128.1547,1.226136,RightController
2/24/2017 11:10:38 AM:84,-1.21264,1.087826,-0.9903818,342.6261,129.1883,2.189006,RightController
2/24/2017 11:10:38 AM:117,-1.212137,1.087884,-0.9902166,342.5583,129.3221,2.150939,RightController
2/24/2017 11:10:38 AM:166,-1.21044,1.087417,-0.9890258,342.7274,128.6435,2.536009,RightController
2/24/2017 11:10:38 AM:201,-1.208893,1.088142,-0.9874841,342.3039,128.1714,2.968474,RightController
2/24/2017 11:10:38 AM:234,-1.207845,1.088888,-0.9867493,342.0488,127.9569,2.957567,RightController
2/24/2017 11:10:38 AM:268,-1.207043,1.088701,-0.9860801,342.076,127.8235,2.913344,RightController
2/24/2017 11:10:38 AM:315,-1.20628,1.088216,-0.9857066,342.1518,127.785,3.035959,RightController
2/24/2017 11:10:38 AM:363,-1.206393,1.086679,-0.9853768,342.1093,127.8056,3.151539,RightController
2/24/2017 11:10:38 AM:430,-1.20562,1.083967,-0.9858355,342.3897,127.9912,3.701425,RightController
2/24/2017 11:10:38 AM:476,-1.205037,1.083176,-0.9861034,342.6753,128.1203,3.743292,RightController
2/24/2017 11:10:38 AM:510,-1.203814,1.0829,-0.9860526,342.7547,128.0438,3.776731,RightController
2/24/2017 11:10:38 AM:545,-1.202315,1.083126,-0.9854128,342.7058,127.8305,3.924373,RightController
2/24/2017 11:10:38 AM:578,-1.200704,1.084188,-0.9844455,342.4836,127.6205,3.820066,RightController
2/24/2017 11:10:38 AM:630,-1.197317,1.0861,-0.9825521,342.1519,127.1751,3.868268,RightController
2/24/2017 11:10:38 AM:675,-1.193891,1.08796,-0.9812579,341.6323,126.8226,3.725731,RightController
2/24/2017 11:10:38 AM:720,-1.191712,1.089178,-0.9805835,341.3453,126.5346,3.86791,RightController
2/24/2017 11:10:38 AM:765,-1.189733,1.090425,-0.9800468,340.9412,126.5098,3.797855,RightController
2/24/2017 11:10:38 AM:799,-1.186917,1.091647,-0.9794048,340.6072,126.4981,3.644547,RightController
2/24/2017 11:10:38 AM:833,-1.184463,1.093063,-0.978392,340.1629,126.3292,3.734704,RightController
2/24/2017 11:10:38 AM:868,-1.182155,1.09468,-0.9772093,339.6894,126.1248,3.656743,RightController
2/24/2017 11:10:38 AM:902,-1.179343,1.095844,-0.9756461,339.3989,125.7525,3.47717,RightController
2/24/2017 11:10:38 AM:958,-1.174334,1.096843,-0.972572,339.2792,125.1067,3.411674,RightController
2/24/2017 11:10:39 AM:10,-1.168206,1.097669,-0.9678096,338.8291,123.9157,3.658292,RightController
2/24/2017 11:10:39 AM:55,-1.166084,1.097456,-0.9662987,339.2793,123.7048,3.074461,RightController
2/24/2017 11:10:39 AM:110,-1.163003,1.096141,-0.9637765,339.8709,124.0846,2.419935,RightController
2/24/2017 11:10:39 AM:145,-1.160622,1.096255,-0.9605902,339.9862,123.0181,1.204776,RightController
2/24/2017 11:10:39 AM:178,-1.157861,1.094451,-0.957078,340.6663,122.0243,0.8465406,RightController
2/24/2017 11:10:39 AM:228,-1.156467,1.093692,-0.9546024,340.2837,121.6347,1.115192,RightController
2/24/2017 11:10:39 AM:268,-1.155378,1.09144,-0.9535496,339.9655,121.6234,0.3945068,RightController
2/24/2017 11:10:39 AM:324,-1.156847,1.085435,-0.9531727,340.4207,121.5042,359.8575,RightController
2/24/2017 11:10:39 AM:361,-1.158925,1.081291,-0.9536446,340.5881,121.058,0.09405828,RightController
2/24/2017 11:10:39 AM:412,-1.167624,1.069597,-0.9560931,341.4258,121.1285,0.1538676,RightController
2/24/2017 11:10:39 AM:446,-1.175643,1.060739,-0.959515,342.4581,121.8274,359.5305,RightController
2/24/2017 11:10:39 AM:479,-1.185955,1.050938,-0.9637674,343.241,122.746,359.2437,RightController
2/24/2017 11:10:39 AM:513,-1.198613,1.040125,-0.9687381,344.3155,124.0415,358.5694,RightController
2/24/2017 11:10:39 AM:560,-1.219666,1.024715,-0.9771904,345.8521,125.9107,358.0211,RightController
2/24/2017 11:10:39 AM:594,-1.238411,1.012945,-0.9847801,346.9438,127.5464,357.8705,RightController
2/24/2017 11:10:39 AM:629,-1.260081,1.001266,-0.9940084,348.0264,129.9142,357.4889,RightController
2/24/2017 11:10:39 AM:662,-1.285268,0.9897113,-1.004708,348.8134,132.8159,357.5233,RightController
2/24/2017 11:10:39 AM:710,-1.322406,0.9738129,-1.019936,350.2838,137.2354,358.4431,RightController
2/24/2017 11:10:39 AM:747,-1.364722,0.9578367,-1.035739,352.3418,143.1572,358.8643,RightController
2/24/2017 11:10:39 AM:785,-1.399004,0.9472606,-1.047199,354.078,148.5434,357.954,RightController
2/24/2017 11:10:39 AM:820,-1.432793,0.9379252,-1.056354,355.4087,153.1599,358.7774,RightController
2/24/2017 11:10:39 AM:868,-1.475107,0.9282877,-1.06531,356.5494,157.7167,0.9840179,RightController
2/24/2017 11:10:39 AM:915,-1.534296,0.9177454,-1.074573,358.2738,164.2847,2.368365,RightController
2/24/2017 11:10:39 AM:972,-1.568127,0.9144546,-1.077977,357.9391,167.4092,3.711421,RightController
2/24/2017 11:10:40 AM:45,-1.611466,0.9078099,-1.081265,358.4721,172.1718,5.416165,RightController
2/24/2017 11:10:40 AM:97,-1.646816,0.9038653,-1.084162,359.1439,177.3528,5.370978,RightController
2/24/2017 11:10:40 AM:161,-1.669316,0.9050486,-1.087041,358.8258,183.0024,3.578127,RightController
2/24/2017 11:10:40 AM:207,-1.673918,0.9055016,-1.089884,358.273,184.1402,3.328675,RightController
2/24/2017 11:10:40 AM:242,-1.676432,0.9052886,-1.093545,357.8235,185.0368,3.214263,RightController
2/24/2017 11:10:40 AM:277,-1.677639,0.9048271,-1.098552,357.7618,185.9372,2.113622,RightController
2/24/2017 11:10:40 AM:317,-1.677104,0.9048876,-1.106602,357.7444,186.9208,0.9890344,RightController
2/24/2017 11:10:40 AM:365,-1.674323,0.9062927,-1.116471,357.0718,187.1983,0.1597809,RightController
2/24/2017 11:10:40 AM:399,-1.670917,0.9074681,-1.125902,356.676,186.8279,359.6533,RightController
2/24/2017 11:10:40 AM:433,-1.667654,0.9085288,-1.136234,356.1497,186.5235,358.9979,RightController
2/24/2017 11:10:40 AM:473,-1.662695,0.9086246,-1.152562,355.5017,186.0799,358.6564,RightController
2/24/2017 11:10:40 AM:521,-1.656472,0.9076612,-1.173047,355.4504,184.1645,358.0764,RightController
2/24/2017 11:10:40 AM:556,-1.652311,0.9075363,-1.190913,354.7722,183.0618,358.5807,RightController
2/24/2017 11:10:40 AM:596,-1.650327,0.9078401,-1.216792,353.7917,183.5316,358.3638,RightController
2/24/2017 11:10:40 AM:630,-1.649903,0.9081349,-1.237995,353.8923,184.119,358.0699,RightController
2/24/2017 11:10:40 AM:678,-1.650584,0.9099588,-1.267537,353.4582,186.0716,356.8502,RightController
2/24/2017 11:10:40 AM:713,-1.650693,0.9120114,-1.290018,352.8924,187.2522,356.2847,RightController
2/24/2017 11:10:40 AM:752,-1.64877,0.9147815,-1.321163,353.6974,186.9709,357.4857,RightController
2/24/2017 11:10:40 AM:819,-1.650698,0.9245337,-1.366944,352.0182,187.7633,356.365,RightController
2/24/2017 11:10:40 AM:853,-1.654969,0.9301752,-1.38871,351.252,188.4173,357.4973,RightController
2/24/2017 11:10:40 AM:887,-1.661873,0.9353311,-1.408584,350.3337,190.4071,357.0995,RightController
2/24/2017 11:10:40 AM:920,-1.670977,0.9399345,-1.42572,349.5761,193.0109,355.9611,RightController
2/24/2017 11:10:40 AM:967,-1.679981,0.9425516,-1.440874,349.4358,195.0552,355.4351,RightController
2/24/2017 11:10:41 AM:9,-1.694673,0.9431212,-1.460288,349.5842,197.3763,356.1815,RightController
2/24/2017 11:10:41 AM:65,-1.713068,0.940838,-1.476888,350.2247,199.6517,355.9876,RightController
2/24/2017 11:10:41 AM:100,-1.72005,0.9391596,-1.481425,350.7001,200.3036,357.6365,RightController
2/24/2017 11:10:41 AM:148,-1.735123,0.9348956,-1.49084,351.8922,202.3793,358.9099,RightController
2/24/2017 11:10:41 AM:187,-1.752618,0.9334006,-1.499839,351.9739,204.7696,359.1092,RightController
2/24/2017 11:10:41 AM:227,-1.765294,0.9340148,-1.507218,351.4926,206.0373,0.05528506,RightController
